canonical_asset_id,category,style,variant_or_digit,parent_package_id,screen,exact_location,visible_states,current_implementation,temporary_path_identifier,required_meshy_replacement,shop_use,gameplay_use,animation_states,reduced_motion_behavior,approved_reference_ids,meshy_generation_mode,meshy_task_ids,exact_requested_model,exact_resolved_model_version,prompt_reference,prompt_checksum,reference_input_paths_checksums,request_payload_path,response_payload_path,creation_timestamp,consumed_credits,retry_count,preserved_source_asset_path,provider_native_usdz_path,source_glb_path,runtime_usdz_path,lod_paths,texture_map_paths,source_checksum,runtime_checksum,registry_key,shop_renderer_path,gameplay_renderer_path,thumbnail_path,test_ids,screenshot_ids,author_run_id,reviewer_run_id,final_status,blocking_reason
env.floor.slab,shop_environment,bookstore,,shop.environment,Club Shop / bookstore room,App/Views/MainMenu/BookstoreSceneCoordinator.swift:980-983,bookstore|shop|category changes,Procedural SceneKit/runtime-generated leaf; 1 literal box; 1 current rendered instance(s).,procedural-scene:env.floor.slab,"Meshy-origin modular replacement for env.floor.slab, preserving valid disclosed instancing.",true,false,,Static unless source path indicates ambient motion; verify after replacement.,CONTRACT-001|MOCKUP-BOOKSTORE-001|MOCKUP-BOOKSTORE-002,,,,,,,,,,,,0,,,,,,,,,,App/Views/MainMenu/BookstoreSceneCoordinator.swift,,,,BASE-CLUBSHOP-COMPACT|BASE-CLUBSHOP-STANDARD|BASE-CLUBSHOP-LARGEST,349D394D-892D-4902-BCE0-C2D340A506FD,39E91EFD-4561-4950-A4E0-8B1ACB8E1C66,BLOCKED,"Current visible environment art is procedural and lacks complete Meshy provenance, registry, source/runtime assets, tests, and approvals."
env.floor.seam,shop_environment,bookstore,,shop.environment,Club Shop / bookstore room,App/Views/MainMenu/BookstoreSceneCoordinator.swift:985-989,bookstore|shop|category changes,"Procedural SceneKit/runtime-generated leaf; stride(-5.7,5.7,0.72); 16 current rendered instance(s).",procedural-scene:env.floor.seam,"Meshy-origin modular replacement for env.floor.seam, preserving valid disclosed instancing.",true,false,,Static unless source path indicates ambient motion; verify after replacement.,CONTRACT-001|MOCKUP-BOOKSTORE-001|MOCKUP-BOOKSTORE-002,,,,,,,,,,,,0,,,,,,,,,,App/Views/MainMenu/BookstoreSceneCoordinator.swift,,,,BASE-CLUBSHOP-COMPACT|BASE-CLUBSHOP-STANDARD|BASE-CLUBSHOP-LARGEST,349D394D-892D-4902-BCE0-C2D340A506FD,39E91EFD-4561-4950-A4E0-8B1ACB8E1C66,BLOCKED,"Current visible environment art is procedural and lacks complete Meshy provenance, registry, source/runtime assets, tests, and approvals."
env.runner.rug,shop_environment,bookstore,,shop.environment,Club Shop / bookstore room,App/Views/MainMenu/BookstoreSceneCoordinator.swift:991-993,bookstore|shop|category changes,Procedural SceneKit/runtime-generated leaf; 1 literal box; 1 current rendered instance(s).,procedural-scene:env.runner.rug,"Meshy-origin modular replacement for env.runner.rug, preserving valid disclosed instancing.",true,false,,Static unless source path indicates ambient motion; verify after replacement.,CONTRACT-001|MOCKUP-BOOKSTORE-001|MOCKUP-BOOKSTORE-002,,,,,,,,,,,,0,,,,,,,,,,App/Views/MainMenu/BookstoreSceneCoordinator.swift,,,,BASE-CLUBSHOP-COMPACT|BASE-CLUBSHOP-STANDARD|BASE-CLUBSHOP-LARGEST,349D394D-892D-4902-BCE0-C2D340A506FD,39E91EFD-4561-4950-A4E0-8B1ACB8E1C66,BLOCKED,"Current visible environment art is procedural and lacks complete Meshy provenance, registry, source/runtime assets, tests, and approvals."
env.runner.edge,shop_environment,bookstore,,shop.environment,Club Shop / bookstore room,App/Views/MainMenu/BookstoreSceneCoordinator.swift:994-998,bookstore|shop|category changes,"Procedural SceneKit/runtime-generated leaf; x in [-1.31,1.31]; 2 current rendered instance(s).",procedural-scene:env.runner.edge,"Meshy-origin modular replacement for env.runner.edge, preserving valid disclosed instancing.",true,false,,Static unless source path indicates ambient motion; verify after replacement.,CONTRACT-001|MOCKUP-BOOKSTORE-001|MOCKUP-BOOKSTORE-002,,,,,,,,,,,,0,,,,,,,,,,App/Views/MainMenu/BookstoreSceneCoordinator.swift,,,,BASE-CLUBSHOP-COMPACT|BASE-CLUBSHOP-STANDARD|BASE-CLUBSHOP-LARGEST,349D394D-892D-4902-BCE0-C2D340A506FD,39E91EFD-4561-4950-A4E0-8B1ACB8E1C66,BLOCKED,"Current visible environment art is procedural and lacks complete Meshy provenance, registry, source/runtime assets, tests, and approvals."
env.runner.weave,shop_environment,bookstore,,shop.environment,Club Shop / bookstore room,App/Views/MainMenu/BookstoreSceneCoordinator.swift:999-1004,bookstore|shop|category changes,"Procedural SceneKit/runtime-generated leaf; stride(-0.96,0.96,0.24); 9 current rendered instance(s).",procedural-scene:env.runner.weave,"Meshy-origin modular replacement for env.runner.weave, preserving valid disclosed instancing.",true,false,,Static unless source path indicates ambient motion; verify after replacement.,CONTRACT-001|MOCKUP-BOOKSTORE-001|MOCKUP-BOOKSTORE-002,,,,,,,,,,,,0,,,,,,,,,,App/Views/MainMenu/BookstoreSceneCoordinator.swift,,,,BASE-CLUBSHOP-COMPACT|BASE-CLUBSHOP-STANDARD|BASE-CLUBSHOP-LARGEST,349D394D-892D-4902-BCE0-C2D340A506FD,39E91EFD-4561-4950-A4E0-8B1ACB8E1C66,BLOCKED,"Current visible environment art is procedural and lacks complete Meshy provenance, registry, source/runtime assets, tests, and approvals."
env.ceiling.slab,shop_environment,bookstore,,shop.environment,Club Shop / bookstore room,App/Views/MainMenu/BookstoreSceneCoordinator.swift:1006-1008,bookstore|shop|category changes,Procedural SceneKit/runtime-generated leaf; 1 literal box; 1 current rendered instance(s).,procedural-scene:env.ceiling.slab,"Meshy-origin modular replacement for env.ceiling.slab, preserving valid disclosed instancing.",true,false,,Static unless source path indicates ambient motion; verify after replacement.,CONTRACT-001|MOCKUP-BOOKSTORE-001|MOCKUP-BOOKSTORE-002,,,,,,,,,,,,0,,,,,,,,,,App/Views/MainMenu/BookstoreSceneCoordinator.swift,,,,BASE-CLUBSHOP-COMPACT|BASE-CLUBSHOP-STANDARD|BASE-CLUBSHOP-LARGEST,349D394D-892D-4902-BCE0-C2D340A506FD,39E91EFD-4561-4950-A4E0-8B1ACB8E1C66,BLOCKED,"Current visible environment art is procedural and lacks complete Meshy provenance, registry, source/runtime assets, tests, and approvals."
env.ceiling.beam.transverse,shop_environment,bookstore,,shop.environment,Club Shop / bookstore room,App/Views/MainMenu/BookstoreSceneCoordinator.swift:1009-1013,bookstore|shop|category changes,"Procedural SceneKit/runtime-generated leaf; stride(-11,14,3.4); 8 current rendered instance(s).",procedural-scene:env.ceiling.beam.transverse,"Meshy-origin modular replacement for env.ceiling.beam.transverse, preserving valid disclosed instancing.",true,false,,Static unless source path indicates ambient motion; verify after replacement.,CONTRACT-001|MOCKUP-BOOKSTORE-001|MOCKUP-BOOKSTORE-002,,,,,,,,,,,,0,,,,,,,,,,App/Views/MainMenu/BookstoreSceneCoordinator.swift,,,,BASE-CLUBSHOP-COMPACT|BASE-CLUBSHOP-STANDARD|BASE-CLUBSHOP-LARGEST,349D394D-892D-4902-BCE0-C2D340A506FD,39E91EFD-4561-4950-A4E0-8B1ACB8E1C66,BLOCKED,"Current visible environment art is procedural and lacks complete Meshy provenance, registry, source/runtime assets, tests, and approvals."
env.ceiling.beam.longitudinal,shop_environment,bookstore,,shop.environment,Club Shop / bookstore room,App/Views/MainMenu/BookstoreSceneCoordinator.swift:1014-1018,bookstore|shop|category changes,"Procedural SceneKit/runtime-generated leaf; x in [-3.1,3.1]; 2 current rendered instance(s).",procedural-scene:env.ceiling.beam.longitudinal,"Meshy-origin modular replacement for env.ceiling.beam.longitudinal, preserving valid disclosed instancing.",true,false,,Static unless source path indicates ambient motion; verify after replacement.,CONTRACT-001|MOCKUP-BOOKSTORE-001|MOCKUP-BOOKSTORE-002,,,,,,,,,,,,0,,,,,,,,,,App/Views/MainMenu/BookstoreSceneCoordinator.swift,,,,BASE-CLUBSHOP-COMPACT|BASE-CLUBSHOP-STANDARD|BASE-CLUBSHOP-LARGEST,349D394D-892D-4902-BCE0-C2D340A506FD,39E91EFD-4561-4950-A4E0-8B1ACB8E1C66,BLOCKED,"Current visible environment art is procedural and lacks complete Meshy provenance, registry, source/runtime assets, tests, and approvals."
env.ceiling.panel.inset,shop_environment,bookstore,,shop.environment,Club Shop / bookstore room,App/Views/MainMenu/BookstoreSceneCoordinator.swift:1020-1029,bookstore|shop|category changes,"Procedural SceneKit/runtime-generated leaf; stride(-9.3,12.3,3.4)=7 * x in[-1.55,1.55]=2; 14 current rendered instance(s).",procedural-scene:env.ceiling.panel.inset,"Meshy-origin modular replacement for env.ceiling.panel.inset, preserving valid disclosed instancing.",true,false,,Static unless source path indicates ambient motion; verify after replacement.,CONTRACT-001|MOCKUP-BOOKSTORE-001|MOCKUP-BOOKSTORE-002,,,,,,,,,,,,0,,,,,,,,,,App/Views/MainMenu/BookstoreSceneCoordinator.swift,,,,BASE-CLUBSHOP-COMPACT|BASE-CLUBSHOP-STANDARD|BASE-CLUBSHOP-LARGEST,349D394D-892D-4902-BCE0-C2D340A506FD,39E91EFD-4561-4950-A4E0-8B1ACB8E1C66,BLOCKED,"Current visible environment art is procedural and lacks complete Meshy provenance, registry, source/runtime assets, tests, and approvals."
env.ceiling.panel.pin,shop_environment,bookstore,,shop.environment,Club Shop / bookstore room,App/Views/MainMenu/BookstoreSceneCoordinator.swift:1020-1029,bookstore|shop|category changes,"Procedural SceneKit/runtime-generated leaf; same loop as inset, 1 pin per inset; 14 current rendered instance(s).",procedural-scene:env.ceiling.panel.pin,"Meshy-origin modular replacement for env.ceiling.panel.pin, preserving valid disclosed instancing.",true,false,,Static unless source path indicates ambient motion; verify after replacement.,CONTRACT-001|MOCKUP-BOOKSTORE-001|MOCKUP-BOOKSTORE-002,,,,,,,,,,,,0,,,,,,,,,,App/Views/MainMenu/BookstoreSceneCoordinator.swift,,,,BASE-CLUBSHOP-COMPACT|BASE-CLUBSHOP-STANDARD|BASE-CLUBSHOP-LARGEST,349D394D-892D-4902-BCE0-C2D340A506FD,39E91EFD-4561-4950-A4E0-8B1ACB8E1C66,BLOCKED,"Current visible environment art is procedural and lacks complete Meshy provenance, registry, source/runtime assets, tests, and approvals."
env.leftWall.back,shop_environment,bookstore,,shop.environment,Club Shop / bookstore room,App/Views/MainMenu/BookstoreSceneCoordinator.swift:1073-1076,bookstore|shop|category changes,Procedural SceneKit/runtime-generated leaf; side=-1 single box; 1 current rendered instance(s).,procedural-scene:env.leftWall.back,"Meshy-origin modular replacement for env.leftWall.back, preserving valid disclosed instancing.",true,false,,Static unless source path indicates ambient motion; verify after replacement.,CONTRACT-001|MOCKUP-BOOKSTORE-001|MOCKUP-BOOKSTORE-002,,,,,,,,,,,,0,,,,,,,,,,App/Views/MainMenu/BookstoreSceneCoordinator.swift,,,,BASE-CLUBSHOP-COMPACT|BASE-CLUBSHOP-STANDARD|BASE-CLUBSHOP-LARGEST,349D394D-892D-4902-BCE0-C2D340A506FD,39E91EFD-4561-4950-A4E0-8B1ACB8E1C66,BLOCKED,"Current visible environment art is procedural and lacks complete Meshy provenance, registry, source/runtime assets, tests, and approvals."
env.rightWall.back,shop_environment,bookstore,,shop.environment,Club Shop / bookstore room,App/Views/MainMenu/BookstoreSceneCoordinator.swift:1058-1063,bookstore|shop|category changes,"Procedural SceneKit/runtime-generated leaf; side=1, 2 shelfRuns; 2 current rendered instance(s).",procedural-scene:env.rightWall.back,"Meshy-origin modular replacement for env.rightWall.back, preserving valid disclosed instancing.",true,false,,Static unless source path indicates ambient motion; verify after replacement.,CONTRACT-001|MOCKUP-BOOKSTORE-001|MOCKUP-BOOKSTORE-002,,,,,,,,,,,,0,,,,,,,,,,App/Views/MainMenu/BookstoreSceneCoordinator.swift,,,,BASE-CLUBSHOP-COMPACT|BASE-CLUBSHOP-STANDARD|BASE-CLUBSHOP-LARGEST,349D394D-892D-4902-BCE0-C2D340A506FD,39E91EFD-4561-4950-A4E0-8B1ACB8E1C66,BLOCKED,"Current visible environment art is procedural and lacks complete Meshy provenance, registry, source/runtime assets, tests, and approvals."
env.rightWall.alcoveBack,shop_environment,bookstore,,shop.environment,Club Shop / bookstore room,App/Views/MainMenu/BookstoreSceneCoordinator.swift:1064-1066,bookstore|shop|category changes,Procedural SceneKit/runtime-generated leaf; side=1 only; 1 current rendered instance(s).,procedural-scene:env.rightWall.alcoveBack,"Meshy-origin modular replacement for env.rightWall.alcoveBack, preserving valid disclosed instancing.",true,false,,Static unless source path indicates ambient motion; verify after replacement.,CONTRACT-001|MOCKUP-BOOKSTORE-001|MOCKUP-BOOKSTORE-002,,,,,,,,,,,,0,,,,,,,,,,App/Views/MainMenu/BookstoreSceneCoordinator.swift,,,,BASE-CLUBSHOP-COMPACT|BASE-CLUBSHOP-STANDARD|BASE-CLUBSHOP-LARGEST,349D394D-892D-4902-BCE0-C2D340A506FD,39E91EFD-4561-4950-A4E0-8B1ACB8E1C66,BLOCKED,"Current visible environment art is procedural and lacks complete Meshy provenance, registry, source/runtime assets, tests, and approvals."
env.rightWall.returnWall,shop_environment,bookstore,,shop.environment,Club Shop / bookstore room,App/Views/MainMenu/BookstoreSceneCoordinator.swift:1067-1071,bookstore|shop|category changes,"Procedural SceneKit/runtime-generated leaf; z in [5.80,13.30]; 2 current rendered instance(s).",procedural-scene:env.rightWall.returnWall,"Meshy-origin modular replacement for env.rightWall.returnWall, preserving valid disclosed instancing.",true,false,,Static unless source path indicates ambient motion; verify after replacement.,CONTRACT-001|MOCKUP-BOOKSTORE-001|MOCKUP-BOOKSTORE-002,,,,,,,,,,,,0,,,,,,,,,,App/Views/MainMenu/BookstoreSceneCoordinator.swift,,,,BASE-CLUBSHOP-COMPACT|BASE-CLUBSHOP-STANDARD|BASE-CLUBSHOP-LARGEST,349D394D-892D-4902-BCE0-C2D340A506FD,39E91EFD-4561-4950-A4E0-8B1ACB8E1C66,BLOCKED,"Current visible environment art is procedural and lacks complete Meshy provenance, registry, source/runtime assets, tests, and approvals."
env.leftWall.upright,shop_environment,bookstore,,shop.environment,Club Shop / bookstore room,App/Views/MainMenu/BookstoreSceneCoordinator.swift:1078-1083,bookstore|shop|category changes,"Procedural SceneKit/runtime-generated leaf; stride(-11.2,14.0,3.15)=9, no skip for side<0; 9 current rendered instance(s).",procedural-scene:env.leftWall.upright,"Meshy-origin modular replacement for env.leftWall.upright, preserving valid disclosed instancing.",true,false,,Static unless source path indicates ambient motion; verify after replacement.,CONTRACT-001|MOCKUP-BOOKSTORE-001|MOCKUP-BOOKSTORE-002,,,,,,,,,,,,0,,,,,,,,,,App/Views/MainMenu/BookstoreSceneCoordinator.swift,,,,BASE-CLUBSHOP-COMPACT|BASE-CLUBSHOP-STANDARD|BASE-CLUBSHOP-LARGEST,349D394D-892D-4902-BCE0-C2D340A506FD,39E91EFD-4561-4950-A4E0-8B1ACB8E1C66,BLOCKED,"Current visible environment art is procedural and lacks complete Meshy provenance, registry, source/runtime assets, tests, and approvals."
env.rightWall.upright,shop_environment,bookstore,,shop.environment,Club Shop / bookstore room,App/Views/MainMenu/BookstoreSceneCoordinator.swift:1078-1083,bookstore|shop|category changes,"Procedural SceneKit/runtime-generated leaf; same 9-iter stride, 2 skipped where z in(5.7,13.4) for side=1; 7 current rendered instance(s).",procedural-scene:env.rightWall.upright,"Meshy-origin modular replacement for env.rightWall.upright, preserving valid disclosed instancing.",true,false,,Static unless source path indicates ambient motion; verify after replacement.,CONTRACT-001|MOCKUP-BOOKSTORE-001|MOCKUP-BOOKSTORE-002,,,,,,,,,,,,0,,,,,,,,,,App/Views/MainMenu/BookstoreSceneCoordinator.swift,,,,BASE-CLUBSHOP-COMPACT|BASE-CLUBSHOP-STANDARD|BASE-CLUBSHOP-LARGEST,349D394D-892D-4902-BCE0-C2D340A506FD,39E91EFD-4561-4950-A4E0-8B1ACB8E1C66,BLOCKED,"Current visible environment art is procedural and lacks complete Meshy provenance, registry, source/runtime assets, tests, and approvals."
env.rightWall.alcoveUpright,shop_environment,bookstore,,shop.environment,Club Shop / bookstore room,App/Views/MainMenu/BookstoreSceneCoordinator.swift:1085-1090,bookstore|shop|category changes,"Procedural SceneKit/runtime-generated leaf; side=1, z in [5.80,13.30]; 2 current rendered instance(s).",procedural-scene:env.rightWall.alcoveUpright,"Meshy-origin modular replacement for env.rightWall.alcoveUpright, preserving valid disclosed instancing.",true,false,,Static unless source path indicates ambient motion; verify after replacement.,CONTRACT-001|MOCKUP-BOOKSTORE-001|MOCKUP-BOOKSTORE-002,,,,,,,,,,,,0,,,,,,,,,,App/Views/MainMenu/BookstoreSceneCoordinator.swift,,,,BASE-CLUBSHOP-COMPACT|BASE-CLUBSHOP-STANDARD|BASE-CLUBSHOP-LARGEST,349D394D-892D-4902-BCE0-C2D340A506FD,39E91EFD-4561-4950-A4E0-8B1ACB8E1C66,BLOCKED,"Current visible environment art is procedural and lacks complete Meshy provenance, registry, source/runtime assets, tests, and approvals."
env.leftWall.shelf,shop_environment,bookstore,,shop.environment,Club Shop / bookstore room,App/Views/MainMenu/BookstoreSceneCoordinator.swift:1100-1116,bookstore|shop|category changes,Procedural SceneKit/runtime-generated leaf; 6 shelfLevels * 1 shelfRun; 6 current rendered instance(s).,procedural-scene:env.leftWall.shelf,"Meshy-origin modular replacement for env.leftWall.shelf, preserving valid disclosed instancing.",true,false,,Static unless source path indicates ambient motion; verify after replacement.,CONTRACT-001|MOCKUP-BOOKSTORE-001|MOCKUP-BOOKSTORE-002,,,,,,,,,,,,0,,,,,,,,,,App/Views/MainMenu/BookstoreSceneCoordinator.swift,,,,BASE-CLUBSHOP-COMPACT|BASE-CLUBSHOP-STANDARD|BASE-CLUBSHOP-LARGEST,349D394D-892D-4902-BCE0-C2D340A506FD,39E91EFD-4561-4950-A4E0-8B1ACB8E1C66,BLOCKED,"Current visible environment art is procedural and lacks complete Meshy provenance, registry, source/runtime assets, tests, and approvals."
env.leftWall.shelfLip,shop_environment,bookstore,,shop.environment,Club Shop / bookstore room,App/Views/MainMenu/BookstoreSceneCoordinator.swift:1100-1116,bookstore|shop|category changes,Procedural SceneKit/runtime-generated leaf; same loop; 6 current rendered instance(s).,procedural-scene:env.leftWall.shelfLip,"Meshy-origin modular replacement for env.leftWall.shelfLip, preserving valid disclosed instancing.",true,false,,Static unless source path indicates ambient motion; verify after replacement.,CONTRACT-001|MOCKUP-BOOKSTORE-001|MOCKUP-BOOKSTORE-002,,,,,,,,,,,,0,,,,,,,,,,App/Views/MainMenu/BookstoreSceneCoordinator.swift,,,,BASE-CLUBSHOP-COMPACT|BASE-CLUBSHOP-STANDARD|BASE-CLUBSHOP-LARGEST,349D394D-892D-4902-BCE0-C2D340A506FD,39E91EFD-4561-4950-A4E0-8B1ACB8E1C66,BLOCKED,"Current visible environment art is procedural and lacks complete Meshy provenance, registry, source/runtime assets, tests, and approvals."
env.leftWall.shelfRail,shop_environment,bookstore,,shop.environment,Club Shop / bookstore room,App/Views/MainMenu/BookstoreSceneCoordinator.swift:1100-1116,bookstore|shop|category changes,Procedural SceneKit/runtime-generated leaf; same loop; 6 current rendered instance(s).,procedural-scene:env.leftWall.shelfRail,"Meshy-origin modular replacement for env.leftWall.shelfRail, preserving valid disclosed instancing.",true,false,,Static unless source path indicates ambient motion; verify after replacement.,CONTRACT-001|MOCKUP-BOOKSTORE-001|MOCKUP-BOOKSTORE-002,,,,,,,,,,,,0,,,,,,,,,,App/Views/MainMenu/BookstoreSceneCoordinator.swift,,,,BASE-CLUBSHOP-COMPACT|BASE-CLUBSHOP-STANDARD|BASE-CLUBSHOP-LARGEST,349D394D-892D-4902-BCE0-C2D340A506FD,39E91EFD-4561-4950-A4E0-8B1ACB8E1C66,BLOCKED,"Current visible environment art is procedural and lacks complete Meshy provenance, registry, source/runtime assets, tests, and approvals."
env.rightWall.shelf,shop_environment,bookstore,,shop.environment,Club Shop / bookstore room,App/Views/MainMenu/BookstoreSceneCoordinator.swift:1100-1116,bookstore|shop|category changes,Procedural SceneKit/runtime-generated leaf; 6 shelfLevels * 2 shelfRuns; 12 current rendered instance(s).,procedural-scene:env.rightWall.shelf,"Meshy-origin modular replacement for env.rightWall.shelf, preserving valid disclosed instancing.",true,false,,Static unless source path indicates ambient motion; verify after replacement.,CONTRACT-001|MOCKUP-BOOKSTORE-001|MOCKUP-BOOKSTORE-002,,,,,,,,,,,,0,,,,,,,,,,App/Views/MainMenu/BookstoreSceneCoordinator.swift,,,,BASE-CLUBSHOP-COMPACT|BASE-CLUBSHOP-STANDARD|BASE-CLUBSHOP-LARGEST,349D394D-892D-4902-BCE0-C2D340A506FD,39E91EFD-4561-4950-A4E0-8B1ACB8E1C66,BLOCKED,"Current visible environment art is procedural and lacks complete Meshy provenance, registry, source/runtime assets, tests, and approvals."
env.rightWall.shelfLip,shop_environment,bookstore,,shop.environment,Club Shop / bookstore room,App/Views/MainMenu/BookstoreSceneCoordinator.swift:1100-1116,bookstore|shop|category changes,Procedural SceneKit/runtime-generated leaf; same loop; 12 current rendered instance(s).,procedural-scene:env.rightWall.shelfLip,"Meshy-origin modular replacement for env.rightWall.shelfLip, preserving valid disclosed instancing.",true,false,,Static unless source path indicates ambient motion; verify after replacement.,CONTRACT-001|MOCKUP-BOOKSTORE-001|MOCKUP-BOOKSTORE-002,,,,,,,,,,,,0,,,,,,,,,,App/Views/MainMenu/BookstoreSceneCoordinator.swift,,,,BASE-CLUBSHOP-COMPACT|BASE-CLUBSHOP-STANDARD|BASE-CLUBSHOP-LARGEST,349D394D-892D-4902-BCE0-C2D340A506FD,39E91EFD-4561-4950-A4E0-8B1ACB8E1C66,BLOCKED,"Current visible environment art is procedural and lacks complete Meshy provenance, registry, source/runtime assets, tests, and approvals."
env.rightWall.shelfRail,shop_environment,bookstore,,shop.environment,Club Shop / bookstore room,App/Views/MainMenu/BookstoreSceneCoordinator.swift:1100-1116,bookstore|shop|category changes,Procedural SceneKit/runtime-generated leaf; same loop; 12 current rendered instance(s).,procedural-scene:env.rightWall.shelfRail,"Meshy-origin modular replacement for env.rightWall.shelfRail, preserving valid disclosed instancing.",true,false,,Static unless source path indicates ambient motion; verify after replacement.,CONTRACT-001|MOCKUP-BOOKSTORE-001|MOCKUP-BOOKSTORE-002,,,,,,,,,,,,0,,,,,,,,,,App/Views/MainMenu/BookstoreSceneCoordinator.swift,,,,BASE-CLUBSHOP-COMPACT|BASE-CLUBSHOP-STANDARD|BASE-CLUBSHOP-LARGEST,349D394D-892D-4902-BCE0-C2D340A506FD,39E91EFD-4561-4950-A4E0-8B1ACB8E1C66,BLOCKED,"Current visible environment art is procedural and lacks complete Meshy provenance, registry, source/runtime assets, tests, and approvals."
env.leftWall.fillerBook.body,shop_environment,bookstore,,shop.environment,Club Shop / bookstore room,App/Views/MainMenu/BookstoreSceneCoordinator.swift:1119-1163,bookstore|shop|category changes,"Procedural SceneKit/runtime-generated leaf; 8 bays * 5 levels * 7 books, no skip for side<0; 280 current rendered instance(s).",procedural-scene:env.leftWall.fillerBook.body,"Meshy-origin modular replacement for env.leftWall.fillerBook.body, preserving valid disclosed instancing.",true,false,,Static unless source path indicates ambient motion; verify after replacement.,CONTRACT-001|MOCKUP-BOOKSTORE-001|MOCKUP-BOOKSTORE-002,,,,,,,,,,,,0,,,,,,,,,,App/Views/MainMenu/BookstoreSceneCoordinator.swift,,,,BASE-CLUBSHOP-COMPACT|BASE-CLUBSHOP-STANDARD|BASE-CLUBSHOP-LARGEST,349D394D-892D-4902-BCE0-C2D340A506FD,39E91EFD-4561-4950-A4E0-8B1ACB8E1C66,BLOCKED,"Current visible environment art is procedural and lacks complete Meshy provenance, registry, source/runtime assets, tests, and approvals."
env.leftWall.fillerBook.spine,shop_environment,bookstore,,shop.environment,Club Shop / bookstore room,App/Views/MainMenu/BookstoreSceneCoordinator.swift:1146-1154,bookstore|shop|category changes,"Procedural SceneKit/runtime-generated leaf; 1 spine per filler book, same loop; 280 current rendered instance(s).",procedural-scene:env.leftWall.fillerBook.spine,"Meshy-origin modular replacement for env.leftWall.fillerBook.spine, preserving valid disclosed instancing.",true,false,,Static unless source path indicates ambient motion; verify after replacement.,CONTRACT-001|MOCKUP-BOOKSTORE-001|MOCKUP-BOOKSTORE-002,,,,,,,,,,,,0,,,,,,,,,,App/Views/MainMenu/BookstoreSceneCoordinator.swift,,,,BASE-CLUBSHOP-COMPACT|BASE-CLUBSHOP-STANDARD|BASE-CLUBSHOP-LARGEST,349D394D-892D-4902-BCE0-C2D340A506FD,39E91EFD-4561-4950-A4E0-8B1ACB8E1C66,BLOCKED,"Current visible environment art is procedural and lacks complete Meshy provenance, registry, source/runtime assets, tests, and approvals."
env.leftWall.fillerBook.band,shop_environment,bookstore,,shop.environment,Club Shop / bookstore room,App/Views/MainMenu/BookstoreSceneCoordinator.swift:1156-1161,bookstore|shop|category changes,"Procedural SceneKit/runtime-generated leaf; count of (bay,level,book) in 8x5x7 space with (bay+level+book)%4==0, residue-class enumeration; 70 current rendered instance(s).",procedural-scene:env.leftWall.fillerBook.band,"Meshy-origin modular replacement for env.leftWall.fillerBook.band, preserving valid disclosed instancing.",true,false,,Static unless source path indicates ambient motion; verify after replacement.,CONTRACT-001|MOCKUP-BOOKSTORE-001|MOCKUP-BOOKSTORE-002,,,,,,,,,,,,0,,,,,,,,,,App/Views/MainMenu/BookstoreSceneCoordinator.swift,,,,BASE-CLUBSHOP-COMPACT|BASE-CLUBSHOP-STANDARD|BASE-CLUBSHOP-LARGEST,349D394D-892D-4902-BCE0-C2D340A506FD,39E91EFD-4561-4950-A4E0-8B1ACB8E1C66,BLOCKED,"Current visible environment art is procedural and lacks complete Meshy provenance, registry, source/runtime assets, tests, and approvals."
env.rightWall.fillerBook.body,shop_environment,bookstore,,shop.environment,Club Shop / bookstore room,App/Views/MainMenu/BookstoreSceneCoordinator.swift:1119-1163,bookstore|shop|category changes,Procedural SceneKit/runtime-generated leaf; 5 kept bays(3..7) * 5 levels * 7 books; 175 current rendered instance(s).,procedural-scene:env.rightWall.fillerBook.body,"Meshy-origin modular replacement for env.rightWall.fillerBook.body, preserving valid disclosed instancing.",true,false,,Static unless source path indicates ambient motion; verify after replacement.,CONTRACT-001|MOCKUP-BOOKSTORE-001|MOCKUP-BOOKSTORE-002,,,,,,,,,,,,0,,,,,,,,,,App/Views/MainMenu/BookstoreSceneCoordinator.swift,,,,BASE-CLUBSHOP-COMPACT|BASE-CLUBSHOP-STANDARD|BASE-CLUBSHOP-LARGEST,349D394D-892D-4902-BCE0-C2D340A506FD,39E91EFD-4561-4950-A4E0-8B1ACB8E1C66,BLOCKED,"Current visible environment art is procedural and lacks complete Meshy provenance, registry, source/runtime assets, tests, and approvals."
env.rightWall.fillerBook.spine,shop_environment,bookstore,,shop.environment,Club Shop / bookstore room,App/Views/MainMenu/BookstoreSceneCoordinator.swift:1146-1154,bookstore|shop|category changes,"Procedural SceneKit/runtime-generated leaf; 1 spine per filler book, same loop; 175 current rendered instance(s).",procedural-scene:env.rightWall.fillerBook.spine,"Meshy-origin modular replacement for env.rightWall.fillerBook.spine, preserving valid disclosed instancing.",true,false,,Static unless source path indicates ambient motion; verify after replacement.,CONTRACT-001|MOCKUP-BOOKSTORE-001|MOCKUP-BOOKSTORE-002,,,,,,,,,,,,0,,,,,,,,,,App/Views/MainMenu/BookstoreSceneCoordinator.swift,,,,BASE-CLUBSHOP-COMPACT|BASE-CLUBSHOP-STANDARD|BASE-CLUBSHOP-LARGEST,349D394D-892D-4902-BCE0-C2D340A506FD,39E91EFD-4561-4950-A4E0-8B1ACB8E1C66,BLOCKED,"Current visible environment art is procedural and lacks complete Meshy provenance, registry, source/runtime assets, tests, and approvals."
env.rightWall.fillerBook.band,shop_environment,bookstore,,shop.environment,Club Shop / bookstore room,App/Views/MainMenu/BookstoreSceneCoordinator.swift:1156-1161,bookstore|shop|category changes,"Procedural SceneKit/runtime-generated leaf; count of (bay in{3..7},level,book) with (bay+level+book)%4==0, residue-class enumeration; 44 current rendered instance(s).",procedural-scene:env.rightWall.fillerBook.band,"Meshy-origin modular replacement for env.rightWall.fillerBook.band, preserving valid disclosed instancing.",true,false,,Static unless source path indicates ambient motion; verify after replacement.,CONTRACT-001|MOCKUP-BOOKSTORE-001|MOCKUP-BOOKSTORE-002,,,,,,,,,,,,0,,,,,,,,,,App/Views/MainMenu/BookstoreSceneCoordinator.swift,,,,BASE-CLUBSHOP-COMPACT|BASE-CLUBSHOP-STANDARD|BASE-CLUBSHOP-LARGEST,349D394D-892D-4902-BCE0-C2D340A506FD,39E91EFD-4561-4950-A4E0-8B1ACB8E1C66,BLOCKED,"Current visible environment art is procedural and lacks complete Meshy provenance, registry, source/runtime assets, tests, and approvals."
env.leftWall.stackedBook,shop_environment,bookstore,,shop.environment,Club Shop / bookstore room,App/Views/MainMenu/BookstoreSceneCoordinator.swift:1165-1171,bookstore|shop|category changes,"Procedural SceneKit/runtime-generated leaf; 8 (bay,level) pairs with (bay+level)%5==0 in 8x5 space, *3 stack layers; 24 current rendered instance(s).",procedural-scene:env.leftWall.stackedBook,"Meshy-origin modular replacement for env.leftWall.stackedBook, preserving valid disclosed instancing.",true,false,,Static unless source path indicates ambient motion; verify after replacement.,CONTRACT-001|MOCKUP-BOOKSTORE-001|MOCKUP-BOOKSTORE-002,,,,,,,,,,,,0,,,,,,,,,,App/Views/MainMenu/BookstoreSceneCoordinator.swift,,,,BASE-CLUBSHOP-COMPACT|BASE-CLUBSHOP-STANDARD|BASE-CLUBSHOP-LARGEST,349D394D-892D-4902-BCE0-C2D340A506FD,39E91EFD-4561-4950-A4E0-8B1ACB8E1C66,BLOCKED,"Current visible environment art is procedural and lacks complete Meshy provenance, registry, source/runtime assets, tests, and approvals."
env.rightWall.stackedBook,shop_environment,bookstore,,shop.environment,Club Shop / bookstore room,App/Views/MainMenu/BookstoreSceneCoordinator.swift:1165-1171,bookstore|shop|category changes,"Procedural SceneKit/runtime-generated leaf; 5 (bay,level) pairs with (bay+level)%5==0 in {3..7}x5 space, *3 stack layers; 15 current rendered instance(s).",procedural-scene:env.rightWall.stackedBook,"Meshy-origin modular replacement for env.rightWall.stackedBook, preserving valid disclosed instancing.",true,false,,Static unless source path indicates ambient motion; verify after replacement.,CONTRACT-001|MOCKUP-BOOKSTORE-001|MOCKUP-BOOKSTORE-002,,,,,,,,,,,,0,,,,,,,,,,App/Views/MainMenu/BookstoreSceneCoordinator.swift,,,,BASE-CLUBSHOP-COMPACT|BASE-CLUBSHOP-STANDARD|BASE-CLUBSHOP-LARGEST,349D394D-892D-4902-BCE0-C2D340A506FD,39E91EFD-4561-4950-A4E0-8B1ACB8E1C66,BLOCKED,"Current visible environment art is procedural and lacks complete Meshy provenance, registry, source/runtime assets, tests, and approvals."
env.leftWall.shelfLabel,shop_environment,bookstore,,shop.environment,Club Shop / bookstore room,App/Views/MainMenu/BookstoreSceneCoordinator.swift:1180-1187,bookstore|shop|category changes,"Procedural SceneKit/runtime-generated leaf; stride(-10.8,13.6,3.15)=8, no skip side<0; 8 current rendered instance(s).",procedural-scene:env.leftWall.shelfLabel,"Meshy-origin modular replacement for env.leftWall.shelfLabel, preserving valid disclosed instancing.",true,false,,Static unless source path indicates ambient motion; verify after replacement.,CONTRACT-001|MOCKUP-BOOKSTORE-001|MOCKUP-BOOKSTORE-002,,,,,,,,,,,,0,,,,,,,,,,App/Views/MainMenu/BookstoreSceneCoordinator.swift,,,,BASE-CLUBSHOP-COMPACT|BASE-CLUBSHOP-STANDARD|BASE-CLUBSHOP-LARGEST,349D394D-892D-4902-BCE0-C2D340A506FD,39E91EFD-4561-4950-A4E0-8B1ACB8E1C66,BLOCKED,"Current visible environment art is procedural and lacks complete Meshy provenance, registry, source/runtime assets, tests, and approvals."
env.rightWall.shelfLabel,shop_environment,bookstore,,shop.environment,Club Shop / bookstore room,App/Views/MainMenu/BookstoreSceneCoordinator.swift:1180-1187,bookstore|shop|category changes,"Procedural SceneKit/runtime-generated leaf; same 8-iter stride, 3 skipped where labelZ in(5.7,13.4); 5 current rendered instance(s).",procedural-scene:env.rightWall.shelfLabel,"Meshy-origin modular replacement for env.rightWall.shelfLabel, preserving valid disclosed instancing.",true,false,,Static unless source path indicates ambient motion; verify after replacement.,CONTRACT-001|MOCKUP-BOOKSTORE-001|MOCKUP-BOOKSTORE-002,,,,,,,,,,,,0,,,,,,,,,,App/Views/MainMenu/BookstoreSceneCoordinator.swift,,,,BASE-CLUBSHOP-COMPACT|BASE-CLUBSHOP-STANDARD|BASE-CLUBSHOP-LARGEST,349D394D-892D-4902-BCE0-C2D340A506FD,39E91EFD-4561-4950-A4E0-8B1ACB8E1C66,BLOCKED,"Current visible environment art is procedural and lacks complete Meshy provenance, registry, source/runtime assets, tests, and approvals."
env.leftWall.crown,shop_environment,bookstore,,shop.environment,Club Shop / bookstore room,App/Views/MainMenu/BookstoreSceneCoordinator.swift:1189-1193,bookstore|shop|category changes,Procedural SceneKit/runtime-generated leaf; 1 shelfRun; 1 current rendered instance(s).,procedural-scene:env.leftWall.crown,"Meshy-origin modular replacement for env.leftWall.crown, preserving valid disclosed instancing.",true,false,,Static unless source path indicates ambient motion; verify after replacement.,CONTRACT-001|MOCKUP-BOOKSTORE-001|MOCKUP-BOOKSTORE-002,,,,,,,,,,,,0,,,,,,,,,,App/Views/MainMenu/BookstoreSceneCoordinator.swift,,,,BASE-CLUBSHOP-COMPACT|BASE-CLUBSHOP-STANDARD|BASE-CLUBSHOP-LARGEST,349D394D-892D-4902-BCE0-C2D340A506FD,39E91EFD-4561-4950-A4E0-8B1ACB8E1C66,BLOCKED,"Current visible environment art is procedural and lacks complete Meshy provenance, registry, source/runtime assets, tests, and approvals."
env.rightWall.crown,shop_environment,bookstore,,shop.environment,Club Shop / bookstore room,App/Views/MainMenu/BookstoreSceneCoordinator.swift:1189-1193,bookstore|shop|category changes,Procedural SceneKit/runtime-generated leaf; 2 shelfRuns; 2 current rendered instance(s).,procedural-scene:env.rightWall.crown,"Meshy-origin modular replacement for env.rightWall.crown, preserving valid disclosed instancing.",true,false,,Static unless source path indicates ambient motion; verify after replacement.,CONTRACT-001|MOCKUP-BOOKSTORE-001|MOCKUP-BOOKSTORE-002,,,,,,,,,,,,0,,,,,,,,,,App/Views/MainMenu/BookstoreSceneCoordinator.swift,,,,BASE-CLUBSHOP-COMPACT|BASE-CLUBSHOP-STANDARD|BASE-CLUBSHOP-LARGEST,349D394D-892D-4902-BCE0-C2D340A506FD,39E91EFD-4561-4950-A4E0-8B1ACB8E1C66,BLOCKED,"Current visible environment art is procedural and lacks complete Meshy provenance, registry, source/runtime assets, tests, and approvals."
env.shopAisleBay.back,shop_environment,bookstore,,shop.environment,Club Shop / bookstore room,App/Views/MainMenu/BookstoreSceneCoordinator.swift:1204-1206,bookstore|shop|category changes,Procedural SceneKit/runtime-generated leaf; 1 literal box; 1 current rendered instance(s).,procedural-scene:env.shopAisleBay.back,"Meshy-origin modular replacement for env.shopAisleBay.back, preserving valid disclosed instancing.",true,false,,Static unless source path indicates ambient motion; verify after replacement.,CONTRACT-001|MOCKUP-BOOKSTORE-001|MOCKUP-BOOKSTORE-002,,,,,,,,,,,,0,,,,,,,,,,App/Views/MainMenu/BookstoreSceneCoordinator.swift,,,,BASE-CLUBSHOP-COMPACT|BASE-CLUBSHOP-STANDARD|BASE-CLUBSHOP-LARGEST,349D394D-892D-4902-BCE0-C2D340A506FD,39E91EFD-4561-4950-A4E0-8B1ACB8E1C66,BLOCKED,"Current visible environment art is procedural and lacks complete Meshy provenance, registry, source/runtime assets, tests, and approvals."
env.shopAisleBay.upright,shop_environment,bookstore,,shop.environment,Club Shop / bookstore room,App/Views/MainMenu/BookstoreSceneCoordinator.swift:1208-1212,bookstore|shop|category changes,Procedural SceneKit/runtime-generated leaf; 2 z positions; 2 current rendered instance(s).,procedural-scene:env.shopAisleBay.upright,"Meshy-origin modular replacement for env.shopAisleBay.upright, preserving valid disclosed instancing.",true,false,,Static unless source path indicates ambient motion; verify after replacement.,CONTRACT-001|MOCKUP-BOOKSTORE-001|MOCKUP-BOOKSTORE-002,,,,,,,,,,,,0,,,,,,,,,,App/Views/MainMenu/BookstoreSceneCoordinator.swift,,,,BASE-CLUBSHOP-COMPACT|BASE-CLUBSHOP-STANDARD|BASE-CLUBSHOP-LARGEST,349D394D-892D-4902-BCE0-C2D340A506FD,39E91EFD-4561-4950-A4E0-8B1ACB8E1C66,BLOCKED,"Current visible environment art is procedural and lacks complete Meshy provenance, registry, source/runtime assets, tests, and approvals."
env.shopAisleBay.shelf,shop_environment,bookstore,,shop.environment,Club Shop / bookstore room,App/Views/MainMenu/BookstoreSceneCoordinator.swift:1216-1229,bookstore|shop|category changes,Procedural SceneKit/runtime-generated leaf; 6 shelfLevels; 6 current rendered instance(s).,procedural-scene:env.shopAisleBay.shelf,"Meshy-origin modular replacement for env.shopAisleBay.shelf, preserving valid disclosed instancing.",true,false,,Static unless source path indicates ambient motion; verify after replacement.,CONTRACT-001|MOCKUP-BOOKSTORE-001|MOCKUP-BOOKSTORE-002,,,,,,,,,,,,0,,,,,,,,,,App/Views/MainMenu/BookstoreSceneCoordinator.swift,,,,BASE-CLUBSHOP-COMPACT|BASE-CLUBSHOP-STANDARD|BASE-CLUBSHOP-LARGEST,349D394D-892D-4902-BCE0-C2D340A506FD,39E91EFD-4561-4950-A4E0-8B1ACB8E1C66,BLOCKED,"Current visible environment art is procedural and lacks complete Meshy provenance, registry, source/runtime assets, tests, and approvals."
env.shopAisleBay.shelfLip,shop_environment,bookstore,,shop.environment,Club Shop / bookstore room,App/Views/MainMenu/BookstoreSceneCoordinator.swift:1216-1229,bookstore|shop|category changes,Procedural SceneKit/runtime-generated leaf; same loop; 6 current rendered instance(s).,procedural-scene:env.shopAisleBay.shelfLip,"Meshy-origin modular replacement for env.shopAisleBay.shelfLip, preserving valid disclosed instancing.",true,false,,Static unless source path indicates ambient motion; verify after replacement.,CONTRACT-001|MOCKUP-BOOKSTORE-001|MOCKUP-BOOKSTORE-002,,,,,,,,,,,,0,,,,,,,,,,App/Views/MainMenu/BookstoreSceneCoordinator.swift,,,,BASE-CLUBSHOP-COMPACT|BASE-CLUBSHOP-STANDARD|BASE-CLUBSHOP-LARGEST,349D394D-892D-4902-BCE0-C2D340A506FD,39E91EFD-4561-4950-A4E0-8B1ACB8E1C66,BLOCKED,"Current visible environment art is procedural and lacks complete Meshy provenance, registry, source/runtime assets, tests, and approvals."
env.shopAisleBay.shelfRail,shop_environment,bookstore,,shop.environment,Club Shop / bookstore room,App/Views/MainMenu/BookstoreSceneCoordinator.swift:1216-1229,bookstore|shop|category changes,Procedural SceneKit/runtime-generated leaf; same loop; 6 current rendered instance(s).,procedural-scene:env.shopAisleBay.shelfRail,"Meshy-origin modular replacement for env.shopAisleBay.shelfRail, preserving valid disclosed instancing.",true,false,,Static unless source path indicates ambient motion; verify after replacement.,CONTRACT-001|MOCKUP-BOOKSTORE-001|MOCKUP-BOOKSTORE-002,,,,,,,,,,,,0,,,,,,,,,,App/Views/MainMenu/BookstoreSceneCoordinator.swift,,,,BASE-CLUBSHOP-COMPACT|BASE-CLUBSHOP-STANDARD|BASE-CLUBSHOP-LARGEST,349D394D-892D-4902-BCE0-C2D340A506FD,39E91EFD-4561-4950-A4E0-8B1ACB8E1C66,BLOCKED,"Current visible environment art is procedural and lacks complete Meshy provenance, registry, source/runtime assets, tests, and approvals."
env.shopAisleBay.fillerBook.body,shop_environment,bookstore,,shop.environment,Club Shop / bookstore room,App/Views/MainMenu/BookstoreSceneCoordinator.swift:1232-1263,bookstore|shop|category changes,Procedural SceneKit/runtime-generated leaf; 5 levels * 10 books; 50 current rendered instance(s).,procedural-scene:env.shopAisleBay.fillerBook.body,"Meshy-origin modular replacement for env.shopAisleBay.fillerBook.body, preserving valid disclosed instancing.",true,false,,Static unless source path indicates ambient motion; verify after replacement.,CONTRACT-001|MOCKUP-BOOKSTORE-001|MOCKUP-BOOKSTORE-002,,,,,,,,,,,,0,,,,,,,,,,App/Views/MainMenu/BookstoreSceneCoordinator.swift,,,,BASE-CLUBSHOP-COMPACT|BASE-CLUBSHOP-STANDARD|BASE-CLUBSHOP-LARGEST,349D394D-892D-4902-BCE0-C2D340A506FD,39E91EFD-4561-4950-A4E0-8B1ACB8E1C66,BLOCKED,"Current visible environment art is procedural and lacks complete Meshy provenance, registry, source/runtime assets, tests, and approvals."
env.shopAisleBay.fillerBook.spine,shop_environment,bookstore,,shop.environment,Club Shop / bookstore room,App/Views/MainMenu/BookstoreSceneCoordinator.swift:1252-1260,bookstore|shop|category changes,"Procedural SceneKit/runtime-generated leaf; 1 spine per book, same loop; 50 current rendered instance(s).",procedural-scene:env.shopAisleBay.fillerBook.spine,"Meshy-origin modular replacement for env.shopAisleBay.fillerBook.spine, preserving valid disclosed instancing.",true,false,,Static unless source path indicates ambient motion; verify after replacement.,CONTRACT-001|MOCKUP-BOOKSTORE-001|MOCKUP-BOOKSTORE-002,,,,,,,,,,,,0,,,,,,,,,,App/Views/MainMenu/BookstoreSceneCoordinator.swift,,,,BASE-CLUBSHOP-COMPACT|BASE-CLUBSHOP-STANDARD|BASE-CLUBSHOP-LARGEST,349D394D-892D-4902-BCE0-C2D340A506FD,39E91EFD-4561-4950-A4E0-8B1ACB8E1C66,BLOCKED,"Current visible environment art is procedural and lacks complete Meshy provenance, registry, source/runtime assets, tests, and approvals."
env.backWall.backing,shop_environment,bookstore,,shop.environment,Club Shop / bookstore room,App/Views/MainMenu/BookstoreSceneCoordinator.swift:1268-1270,bookstore|shop|category changes,Procedural SceneKit/runtime-generated leaf; 1 literal box; 1 current rendered instance(s).,procedural-scene:env.backWall.backing,"Meshy-origin modular replacement for env.backWall.backing, preserving valid disclosed instancing.",true,false,,Static unless source path indicates ambient motion; verify after replacement.,CONTRACT-001|MOCKUP-BOOKSTORE-001|MOCKUP-BOOKSTORE-002,,,,,,,,,,,,0,,,,,,,,,,App/Views/MainMenu/BookstoreSceneCoordinator.swift,,,,BASE-CLUBSHOP-COMPACT|BASE-CLUBSHOP-STANDARD|BASE-CLUBSHOP-LARGEST,349D394D-892D-4902-BCE0-C2D340A506FD,39E91EFD-4561-4950-A4E0-8B1ACB8E1C66,BLOCKED,"Current visible environment art is procedural and lacks complete Meshy provenance, registry, source/runtime assets, tests, and approvals."
env.backWall.upright,shop_environment,bookstore,,shop.environment,Club Shop / bookstore room,App/Views/MainMenu/BookstoreSceneCoordinator.swift:1272-1276,bookstore|shop|category changes,"Procedural SceneKit/runtime-generated leaf; stride(-2.5,2.5,1.25); 5 current rendered instance(s).",procedural-scene:env.backWall.upright,"Meshy-origin modular replacement for env.backWall.upright, preserving valid disclosed instancing.",true,false,,Static unless source path indicates ambient motion; verify after replacement.,CONTRACT-001|MOCKUP-BOOKSTORE-001|MOCKUP-BOOKSTORE-002,,,,,,,,,,,,0,,,,,,,,,,App/Views/MainMenu/BookstoreSceneCoordinator.swift,,,,BASE-CLUBSHOP-COMPACT|BASE-CLUBSHOP-STANDARD|BASE-CLUBSHOP-LARGEST,349D394D-892D-4902-BCE0-C2D340A506FD,39E91EFD-4561-4950-A4E0-8B1ACB8E1C66,BLOCKED,"Current visible environment art is procedural and lacks complete Meshy provenance, registry, source/runtime assets, tests, and approvals."
env.backWall.shelf,shop_environment,bookstore,,shop.environment,Club Shop / bookstore room,App/Views/MainMenu/BookstoreSceneCoordinator.swift:1277-1281,bookstore|shop|category changes,Procedural SceneKit/runtime-generated leaf; 6 literal y levels; 6 current rendered instance(s).,procedural-scene:env.backWall.shelf,"Meshy-origin modular replacement for env.backWall.shelf, preserving valid disclosed instancing.",true,false,,Static unless source path indicates ambient motion; verify after replacement.,CONTRACT-001|MOCKUP-BOOKSTORE-001|MOCKUP-BOOKSTORE-002,,,,,,,,,,,,0,,,,,,,,,,App/Views/MainMenu/BookstoreSceneCoordinator.swift,,,,BASE-CLUBSHOP-COMPACT|BASE-CLUBSHOP-STANDARD|BASE-CLUBSHOP-LARGEST,349D394D-892D-4902-BCE0-C2D340A506FD,39E91EFD-4561-4950-A4E0-8B1ACB8E1C66,BLOCKED,"Current visible environment art is procedural and lacks complete Meshy provenance, registry, source/runtime assets, tests, and approvals."
env.backWall.fillerBook.body,shop_environment,bookstore,,shop.environment,Club Shop / bookstore room,App/Views/MainMenu/BookstoreSceneCoordinator.swift:1283-1320,bookstore|shop|category changes,Procedural SceneKit/runtime-generated leaf; 5 levels * 15 books; 75 current rendered instance(s).,procedural-scene:env.backWall.fillerBook.body,"Meshy-origin modular replacement for env.backWall.fillerBook.body, preserving valid disclosed instancing.",true,false,,Static unless source path indicates ambient motion; verify after replacement.,CONTRACT-001|MOCKUP-BOOKSTORE-001|MOCKUP-BOOKSTORE-002,,,,,,,,,,,,0,,,,,,,,,,App/Views/MainMenu/BookstoreSceneCoordinator.swift,,,,BASE-CLUBSHOP-COMPACT|BASE-CLUBSHOP-STANDARD|BASE-CLUBSHOP-LARGEST,349D394D-892D-4902-BCE0-C2D340A506FD,39E91EFD-4561-4950-A4E0-8B1ACB8E1C66,BLOCKED,"Current visible environment art is procedural and lacks complete Meshy provenance, registry, source/runtime assets, tests, and approvals."
env.backWall.fillerBook.spine,shop_environment,bookstore,,shop.environment,Club Shop / bookstore room,App/Views/MainMenu/BookstoreSceneCoordinator.swift:1305-1312,bookstore|shop|category changes,"Procedural SceneKit/runtime-generated leaf; 1 spine per book, same loop; 75 current rendered instance(s).",procedural-scene:env.backWall.fillerBook.spine,"Meshy-origin modular replacement for env.backWall.fillerBook.spine, preserving valid disclosed instancing.",true,false,,Static unless source path indicates ambient motion; verify after replacement.,CONTRACT-001|MOCKUP-BOOKSTORE-001|MOCKUP-BOOKSTORE-002,,,,,,,,,,,,0,,,,,,,,,,App/Views/MainMenu/BookstoreSceneCoordinator.swift,,,,BASE-CLUBSHOP-COMPACT|BASE-CLUBSHOP-STANDARD|BASE-CLUBSHOP-LARGEST,349D394D-892D-4902-BCE0-C2D340A506FD,39E91EFD-4561-4950-A4E0-8B1ACB8E1C66,BLOCKED,"Current visible environment art is procedural and lacks complete Meshy provenance, registry, source/runtime assets, tests, and approvals."
env.backWall.fillerBook.band,shop_environment,bookstore,,shop.environment,Club Shop / bookstore room,App/Views/MainMenu/BookstoreSceneCoordinator.swift:1313-1318,bookstore|shop|category changes,"Procedural SceneKit/runtime-generated leaf; count of (level,book) in 5x15 space with (book+level)%5==0, residue-class enumeration; 15 current rendered instance(s).",procedural-scene:env.backWall.fillerBook.band,"Meshy-origin modular replacement for env.backWall.fillerBook.band, preserving valid disclosed instancing.",true,false,,Static unless source path indicates ambient motion; verify after replacement.,CONTRACT-001|MOCKUP-BOOKSTORE-001|MOCKUP-BOOKSTORE-002,,,,,,,,,,,,0,,,,,,,,,,App/Views/MainMenu/BookstoreSceneCoordinator.swift,,,,BASE-CLUBSHOP-COMPACT|BASE-CLUBSHOP-STANDARD|BASE-CLUBSHOP-LARGEST,349D394D-892D-4902-BCE0-C2D340A506FD,39E91EFD-4561-4950-A4E0-8B1ACB8E1C66,BLOCKED,"Current visible environment art is procedural and lacks complete Meshy provenance, registry, source/runtime assets, tests, and approvals."
env.backWall.crown,shop_environment,bookstore,,shop.environment,Club Shop / bookstore room,App/Views/MainMenu/BookstoreSceneCoordinator.swift:1322-1324,bookstore|shop|category changes,Procedural SceneKit/runtime-generated leaf; 1 literal box; 1 current rendered instance(s).,procedural-scene:env.backWall.crown,"Meshy-origin modular replacement for env.backWall.crown, preserving valid disclosed instancing.",true,false,,Static unless source path indicates ambient motion; verify after replacement.,CONTRACT-001|MOCKUP-BOOKSTORE-001|MOCKUP-BOOKSTORE-002,,,,,,,,,,,,0,,,,,,,,,,App/Views/MainMenu/BookstoreSceneCoordinator.swift,,,,BASE-CLUBSHOP-COMPACT|BASE-CLUBSHOP-STANDARD|BASE-CLUBSHOP-LARGEST,349D394D-892D-4902-BCE0-C2D340A506FD,39E91EFD-4561-4950-A4E0-8B1ACB8E1C66,BLOCKED,"Current visible environment art is procedural and lacks complete Meshy provenance, registry, source/runtime assets, tests, and approvals."
env.shopWall.highShelf,shop_environment,bookstore,,shop.environment,Club Shop / bookstore room,App/Views/MainMenu/BookstoreSceneCoordinator.swift:1430-1432,bookstore|shop|category changes,Procedural SceneKit/runtime-generated leaf; 1 literal box; 1 current rendered instance(s).,procedural-scene:env.shopWall.highShelf,"Meshy-origin modular replacement for env.shopWall.highShelf, preserving valid disclosed instancing.",true,false,,Static unless source path indicates ambient motion; verify after replacement.,CONTRACT-001|MOCKUP-BOOKSTORE-001|MOCKUP-BOOKSTORE-002,,,,,,,,,,,,0,,,,,,,,,,App/Views/MainMenu/BookstoreSceneCoordinator.swift,,,,BASE-CLUBSHOP-COMPACT|BASE-CLUBSHOP-STANDARD|BASE-CLUBSHOP-LARGEST,349D394D-892D-4902-BCE0-C2D340A506FD,39E91EFD-4561-4950-A4E0-8B1ACB8E1C66,BLOCKED,"Current visible environment art is procedural and lacks complete Meshy provenance, registry, source/runtime assets, tests, and approvals."
env.shopWall.highShelfExtension,shop_environment,bookstore,,shop.environment,Club Shop / bookstore room,App/Views/MainMenu/BookstoreSceneCoordinator.swift:1436-1438,bookstore|shop|category changes,Procedural SceneKit/runtime-generated leaf; 1 literal box; 1 current rendered instance(s).,procedural-scene:env.shopWall.highShelfExtension,"Meshy-origin modular replacement for env.shopWall.highShelfExtension, preserving valid disclosed instancing.",true,false,,Static unless source path indicates ambient motion; verify after replacement.,CONTRACT-001|MOCKUP-BOOKSTORE-001|MOCKUP-BOOKSTORE-002,,,,,,,,,,,,0,,,,,,,,,,App/Views/MainMenu/BookstoreSceneCoordinator.swift,,,,BASE-CLUBSHOP-COMPACT|BASE-CLUBSHOP-STANDARD|BASE-CLUBSHOP-LARGEST,349D394D-892D-4902-BCE0-C2D340A506FD,39E91EFD-4561-4950-A4E0-8B1ACB8E1C66,BLOCKED,"Current visible environment art is procedural and lacks complete Meshy provenance, registry, source/runtime assets, tests, and approvals."
env.shopWall.recedingBook.body,shop_environment,bookstore,,shop.environment,Club Shop / bookstore room,App/Views/MainMenu/BookstoreSceneCoordinator.swift:1441-1467,bookstore|shop|category changes,Procedural SceneKit/runtime-generated leaf; 0..<15; 15 current rendered instance(s).,procedural-scene:env.shopWall.recedingBook.body,"Meshy-origin modular replacement for env.shopWall.recedingBook.body, preserving valid disclosed instancing.",true,false,,Static unless source path indicates ambient motion; verify after replacement.,CONTRACT-001|MOCKUP-BOOKSTORE-001|MOCKUP-BOOKSTORE-002,,,,,,,,,,,,0,,,,,,,,,,App/Views/MainMenu/BookstoreSceneCoordinator.swift,,,,BASE-CLUBSHOP-COMPACT|BASE-CLUBSHOP-STANDARD|BASE-CLUBSHOP-LARGEST,349D394D-892D-4902-BCE0-C2D340A506FD,39E91EFD-4561-4950-A4E0-8B1ACB8E1C66,BLOCKED,"Current visible environment art is procedural and lacks complete Meshy provenance, registry, source/runtime assets, tests, and approvals."
env.shopWall.recedingBook.spine,shop_environment,bookstore,,shop.environment,Club Shop / bookstore room,App/Views/MainMenu/BookstoreSceneCoordinator.swift:1458-1465,bookstore|shop|category changes,"Procedural SceneKit/runtime-generated leaf; 1 spine per book, same loop; 15 current rendered instance(s).",procedural-scene:env.shopWall.recedingBook.spine,"Meshy-origin modular replacement for env.shopWall.recedingBook.spine, preserving valid disclosed instancing.",true,false,,Static unless source path indicates ambient motion; verify after replacement.,CONTRACT-001|MOCKUP-BOOKSTORE-001|MOCKUP-BOOKSTORE-002,,,,,,,,,,,,0,,,,,,,,,,App/Views/MainMenu/BookstoreSceneCoordinator.swift,,,,BASE-CLUBSHOP-COMPACT|BASE-CLUBSHOP-STANDARD|BASE-CLUBSHOP-LARGEST,349D394D-892D-4902-BCE0-C2D340A506FD,39E91EFD-4561-4950-A4E0-8B1ACB8E1C66,BLOCKED,"Current visible environment art is procedural and lacks complete Meshy provenance, registry, source/runtime assets, tests, and approvals."
env.shopWall.nearBook.body,shop_environment,bookstore,,shop.environment,Club Shop / bookstore room,App/Views/MainMenu/BookstoreSceneCoordinator.swift:1469-1493,bookstore|shop|category changes,Procedural SceneKit/runtime-generated leaf; 0..<18; 18 current rendered instance(s).,procedural-scene:env.shopWall.nearBook.body,"Meshy-origin modular replacement for env.shopWall.nearBook.body, preserving valid disclosed instancing.",true,false,,Static unless source path indicates ambient motion; verify after replacement.,CONTRACT-001|MOCKUP-BOOKSTORE-001|MOCKUP-BOOKSTORE-002,,,,,,,,,,,,0,,,,,,,,,,App/Views/MainMenu/BookstoreSceneCoordinator.swift,,,,BASE-CLUBSHOP-COMPACT|BASE-CLUBSHOP-STANDARD|BASE-CLUBSHOP-LARGEST,349D394D-892D-4902-BCE0-C2D340A506FD,39E91EFD-4561-4950-A4E0-8B1ACB8E1C66,BLOCKED,"Current visible environment art is procedural and lacks complete Meshy provenance, registry, source/runtime assets, tests, and approvals."
env.shopWall.nearBook.spine,shop_environment,bookstore,,shop.environment,Club Shop / bookstore room,App/Views/MainMenu/BookstoreSceneCoordinator.swift:1484-1491,bookstore|shop|category changes,"Procedural SceneKit/runtime-generated leaf; 1 spine per book, same loop; 18 current rendered instance(s).",procedural-scene:env.shopWall.nearBook.spine,"Meshy-origin modular replacement for env.shopWall.nearBook.spine, preserving valid disclosed instancing.",true,false,,Static unless source path indicates ambient motion; verify after replacement.,CONTRACT-001|MOCKUP-BOOKSTORE-001|MOCKUP-BOOKSTORE-002,,,,,,,,,,,,0,,,,,,,,,,App/Views/MainMenu/BookstoreSceneCoordinator.swift,,,,BASE-CLUBSHOP-COMPACT|BASE-CLUBSHOP-STANDARD|BASE-CLUBSHOP-LARGEST,349D394D-892D-4902-BCE0-C2D340A506FD,39E91EFD-4561-4950-A4E0-8B1ACB8E1C66,BLOCKED,"Current visible environment art is procedural and lacks complete Meshy provenance, registry, source/runtime assets, tests, and approvals."
env.stand.base,shop_environment,bookstore,,shop.environment,Club Shop / bookstore room,App/Views/MainMenu/BookstoreSceneCoordinator.swift:2726-2730,bookstore|shop|category changes,Procedural SceneKit/runtime-generated leaf; 1 literal cone; 1 current rendered instance(s).,procedural-scene:env.stand.base,"Meshy-origin modular replacement for env.stand.base, preserving valid disclosed instancing.",true,false,,Static unless source path indicates ambient motion; verify after replacement.,CONTRACT-001|MOCKUP-BOOKSTORE-001|MOCKUP-BOOKSTORE-002,,,,,,,,,,,,0,,,,,,,,,,App/Views/MainMenu/BookstoreSceneCoordinator.swift,,,,BASE-CLUBSHOP-COMPACT|BASE-CLUBSHOP-STANDARD|BASE-CLUBSHOP-LARGEST,349D394D-892D-4902-BCE0-C2D340A506FD,39E91EFD-4561-4950-A4E0-8B1ACB8E1C66,BLOCKED,"Current visible environment art is procedural and lacks complete Meshy provenance, registry, source/runtime assets, tests, and approvals."
env.stand.bearing,shop_environment,bookstore,,shop.environment,Club Shop / bookstore room,App/Views/MainMenu/BookstoreSceneCoordinator.swift:2732-2736,bookstore|shop|category changes,Procedural SceneKit/runtime-generated leaf; 1 literal cylinder; 1 current rendered instance(s).,procedural-scene:env.stand.bearing,"Meshy-origin modular replacement for env.stand.bearing, preserving valid disclosed instancing.",true,false,,Static unless source path indicates ambient motion; verify after replacement.,CONTRACT-001|MOCKUP-BOOKSTORE-001|MOCKUP-BOOKSTORE-002,,,,,,,,,,,,0,,,,,,,,,,App/Views/MainMenu/BookstoreSceneCoordinator.swift,,,,BASE-CLUBSHOP-COMPACT|BASE-CLUBSHOP-STANDARD|BASE-CLUBSHOP-LARGEST,349D394D-892D-4902-BCE0-C2D340A506FD,39E91EFD-4561-4950-A4E0-8B1ACB8E1C66,BLOCKED,"Current visible environment art is procedural and lacks complete Meshy provenance, registry, source/runtime assets, tests, and approvals."
env.stand.foot,shop_environment,bookstore,,shop.environment,Club Shop / bookstore room,App/Views/MainMenu/BookstoreSceneCoordinator.swift:2738-2742,bookstore|shop|category changes,Procedural SceneKit/runtime-generated leaf; 1 literal cone; 1 current rendered instance(s).,procedural-scene:env.stand.foot,"Meshy-origin modular replacement for env.stand.foot, preserving valid disclosed instancing.",true,false,,Static unless source path indicates ambient motion; verify after replacement.,CONTRACT-001|MOCKUP-BOOKSTORE-001|MOCKUP-BOOKSTORE-002,,,,,,,,,,,,0,,,,,,,,,,App/Views/MainMenu/BookstoreSceneCoordinator.swift,,,,BASE-CLUBSHOP-COMPACT|BASE-CLUBSHOP-STANDARD|BASE-CLUBSHOP-LARGEST,349D394D-892D-4902-BCE0-C2D340A506FD,39E91EFD-4561-4950-A4E0-8B1ACB8E1C66,BLOCKED,"Current visible environment art is procedural and lacks complete Meshy provenance, registry, source/runtime assets, tests, and approvals."
env.stand.pole,shop_environment,bookstore,,shop.environment,Club Shop / bookstore room,App/Views/MainMenu/BookstoreSceneCoordinator.swift:2744-2748,bookstore|shop|category changes,Procedural SceneKit/runtime-generated leaf; 1 literal cylinder; 1 current rendered instance(s).,procedural-scene:env.stand.pole,"Meshy-origin modular replacement for env.stand.pole, preserving valid disclosed instancing.",true,false,,Static unless source path indicates ambient motion; verify after replacement.,CONTRACT-001|MOCKUP-BOOKSTORE-001|MOCKUP-BOOKSTORE-002,,,,,,,,,,,,0,,,,,,,,,,App/Views/MainMenu/BookstoreSceneCoordinator.swift,,,,BASE-CLUBSHOP-COMPACT|BASE-CLUBSHOP-STANDARD|BASE-CLUBSHOP-LARGEST,349D394D-892D-4902-BCE0-C2D340A506FD,39E91EFD-4561-4950-A4E0-8B1ACB8E1C66,BLOCKED,"Current visible environment art is procedural and lacks complete Meshy provenance, registry, source/runtime assets, tests, and approvals."
env.stand.tierRing,shop_environment,bookstore,,shop.environment,Club Shop / bookstore room,App/Views/MainMenu/BookstoreSceneCoordinator.swift:2754-2758,bookstore|shop|category changes,Procedural SceneKit/runtime-generated leaf; 3 tierLevels; 3 current rendered instance(s).,procedural-scene:env.stand.tierRing,"Meshy-origin modular replacement for env.stand.tierRing, preserving valid disclosed instancing.",true,false,,Static unless source path indicates ambient motion; verify after replacement.,CONTRACT-001|MOCKUP-BOOKSTORE-001|MOCKUP-BOOKSTORE-002,,,,,,,,,,,,0,,,,,,,,,,App/Views/MainMenu/BookstoreSceneCoordinator.swift,,,,BASE-CLUBSHOP-COMPACT|BASE-CLUBSHOP-STANDARD|BASE-CLUBSHOP-LARGEST,349D394D-892D-4902-BCE0-C2D340A506FD,39E91EFD-4561-4950-A4E0-8B1ACB8E1C66,BLOCKED,"Current visible environment art is procedural and lacks complete Meshy provenance, registry, source/runtime assets, tests, and approvals."
env.stand.tierSpoke,shop_environment,bookstore,,shop.environment,Club Shop / bookstore room,App/Views/MainMenu/BookstoreSceneCoordinator.swift:2760-2769,bookstore|shop|category changes,Procedural SceneKit/runtime-generated leaf; 3 tierLevels * 4 spokes; 12 current rendered instance(s).,procedural-scene:env.stand.tierSpoke,"Meshy-origin modular replacement for env.stand.tierSpoke, preserving valid disclosed instancing.",true,false,,Static unless source path indicates ambient motion; verify after replacement.,CONTRACT-001|MOCKUP-BOOKSTORE-001|MOCKUP-BOOKSTORE-002,,,,,,,,,,,,0,,,,,,,,,,App/Views/MainMenu/BookstoreSceneCoordinator.swift,,,,BASE-CLUBSHOP-COMPACT|BASE-CLUBSHOP-STANDARD|BASE-CLUBSHOP-LARGEST,349D394D-892D-4902-BCE0-C2D340A506FD,39E91EFD-4561-4950-A4E0-8B1ACB8E1C66,BLOCKED,"Current visible environment art is procedural and lacks complete Meshy provenance, registry, source/runtime assets, tests, and approvals."
env.stand.topCap,shop_environment,bookstore,,shop.environment,Club Shop / bookstore room,App/Views/MainMenu/BookstoreSceneCoordinator.swift:2772-2776,bookstore|shop|category changes,Procedural SceneKit/runtime-generated leaf; 1 literal cylinder; 1 current rendered instance(s).,procedural-scene:env.stand.topCap,"Meshy-origin modular replacement for env.stand.topCap, preserving valid disclosed instancing.",true,false,,Static unless source path indicates ambient motion; verify after replacement.,CONTRACT-001|MOCKUP-BOOKSTORE-001|MOCKUP-BOOKSTORE-002,,,,,,,,,,,,0,,,,,,,,,,App/Views/MainMenu/BookstoreSceneCoordinator.swift,,,,BASE-CLUBSHOP-COMPACT|BASE-CLUBSHOP-STANDARD|BASE-CLUBSHOP-LARGEST,349D394D-892D-4902-BCE0-C2D340A506FD,39E91EFD-4561-4950-A4E0-8B1ACB8E1C66,BLOCKED,"Current visible environment art is procedural and lacks complete Meshy provenance, registry, source/runtime assets, tests, and approvals."
env.stand.signPlaque,shop_environment,bookstore,,shop.environment,Club Shop / bookstore room,App/Views/MainMenu/BookstoreSceneCoordinator.swift:2785-2787,bookstore|shop|category changes,Procedural SceneKit/runtime-generated leaf; 1 literal box; 1 current rendered instance(s).,procedural-scene:env.stand.signPlaque,"Meshy-origin modular replacement for env.stand.signPlaque, preserving valid disclosed instancing.",true,false,,Static unless source path indicates ambient motion; verify after replacement.,CONTRACT-001|MOCKUP-BOOKSTORE-001|MOCKUP-BOOKSTORE-002,,,,,,,,,,,,0,,,,,,,,,,App/Views/MainMenu/BookstoreSceneCoordinator.swift,,,,BASE-CLUBSHOP-COMPACT|BASE-CLUBSHOP-STANDARD|BASE-CLUBSHOP-LARGEST,349D394D-892D-4902-BCE0-C2D340A506FD,39E91EFD-4561-4950-A4E0-8B1ACB8E1C66,BLOCKED,"Current visible environment art is procedural and lacks complete Meshy provenance, registry, source/runtime assets, tests, and approvals."
env.stand.signPlate,shop_environment,bookstore,,shop.environment,Club Shop / bookstore room,App/Views/MainMenu/BookstoreSceneCoordinator.swift:2793-2797,bookstore|shop|category changes,Procedural SceneKit/runtime-generated leaf; 1 literal plane; 1 current rendered instance(s).,procedural-scene:env.stand.signPlate,"Meshy-origin modular replacement for env.stand.signPlate, preserving valid disclosed instancing.",true,false,,Static unless source path indicates ambient motion; verify after replacement.,CONTRACT-001|MOCKUP-BOOKSTORE-001|MOCKUP-BOOKSTORE-002,,,,,,,,,,,,0,,,,,,,,,,App/Views/MainMenu/BookstoreSceneCoordinator.swift,,,,BASE-CLUBSHOP-COMPACT|BASE-CLUBSHOP-STANDARD|BASE-CLUBSHOP-LARGEST,349D394D-892D-4902-BCE0-C2D340A506FD,39E91EFD-4561-4950-A4E0-8B1ACB8E1C66,BLOCKED,"Current visible environment art is procedural and lacks complete Meshy provenance, registry, source/runtime assets, tests, and approvals."
env.stand.book.pages,shop_environment,bookstore,,shop.environment,Club Shop / bookstore room,App/Views/MainMenu/BookstoreSceneCoordinator.swift:2871-2874,bookstore|shop|category changes,"Procedural SceneKit/runtime-generated leaf; 1 per edition, 9 editions (BookEdition.shelf); 9 current rendered instance(s).",procedural-scene:env.stand.book.pages,"Meshy-origin modular replacement for env.stand.book.pages, preserving valid disclosed instancing.",true,false,,Static unless source path indicates ambient motion; verify after replacement.,CONTRACT-001|MOCKUP-BOOKSTORE-001|MOCKUP-BOOKSTORE-002,,,,,,,,,,,,0,,,,,,,,,,App/Views/MainMenu/BookstoreSceneCoordinator.swift,,,,BASE-CLUBSHOP-COMPACT|BASE-CLUBSHOP-STANDARD|BASE-CLUBSHOP-LARGEST,349D394D-892D-4902-BCE0-C2D340A506FD,39E91EFD-4561-4950-A4E0-8B1ACB8E1C66,BLOCKED,"Current visible environment art is procedural and lacks complete Meshy provenance, registry, source/runtime assets, tests, and approvals."
env.stand.book.board,shop_environment,bookstore,,shop.environment,Club Shop / bookstore room,App/Views/MainMenu/BookstoreSceneCoordinator.swift:2876-2883,bookstore|shop|category changes,Procedural SceneKit/runtime-generated leaf; 2 boards (front+back cloth) per edition * 9; 18 current rendered instance(s).,procedural-scene:env.stand.book.board,"Meshy-origin modular replacement for env.stand.book.board, preserving valid disclosed instancing.",true,false,,Static unless source path indicates ambient motion; verify after replacement.,CONTRACT-001|MOCKUP-BOOKSTORE-001|MOCKUP-BOOKSTORE-002,,,,,,,,,,,,0,,,,,,,,,,App/Views/MainMenu/BookstoreSceneCoordinator.swift,,,,BASE-CLUBSHOP-COMPACT|BASE-CLUBSHOP-STANDARD|BASE-CLUBSHOP-LARGEST,349D394D-892D-4902-BCE0-C2D340A506FD,39E91EFD-4561-4950-A4E0-8B1ACB8E1C66,BLOCKED,"Current visible environment art is procedural and lacks complete Meshy provenance, registry, source/runtime assets, tests, and approvals."
env.stand.book.spine,shop_environment,bookstore,,shop.environment,Club Shop / bookstore room,App/Views/MainMenu/BookstoreSceneCoordinator.swift:2885-2889,bookstore|shop|category changes,Procedural SceneKit/runtime-generated leaf; 1 per edition; 9 current rendered instance(s).,procedural-scene:env.stand.book.spine,"Meshy-origin modular replacement for env.stand.book.spine, preserving valid disclosed instancing.",true,false,,Static unless source path indicates ambient motion; verify after replacement.,CONTRACT-001|MOCKUP-BOOKSTORE-001|MOCKUP-BOOKSTORE-002,,,,,,,,,,,,0,,,,,,,,,,App/Views/MainMenu/BookstoreSceneCoordinator.swift,,,,BASE-CLUBSHOP-COMPACT|BASE-CLUBSHOP-STANDARD|BASE-CLUBSHOP-LARGEST,349D394D-892D-4902-BCE0-C2D340A506FD,39E91EFD-4561-4950-A4E0-8B1ACB8E1C66,BLOCKED,"Current visible environment art is procedural and lacks complete Meshy provenance, registry, source/runtime assets, tests, and approvals."
env.stand.book.coverPlane,shop_environment,bookstore,,shop.environment,Club Shop / bookstore room,App/Views/MainMenu/BookstoreSceneCoordinator.swift:2891-2897,bookstore|shop|category changes,Procedural SceneKit/runtime-generated leaf; 1 per edition; 9 current rendered instance(s).,procedural-scene:env.stand.book.coverPlane,"Meshy-origin modular replacement for env.stand.book.coverPlane, preserving valid disclosed instancing.",true,false,,Static unless source path indicates ambient motion; verify after replacement.,CONTRACT-001|MOCKUP-BOOKSTORE-001|MOCKUP-BOOKSTORE-002,,,,,,,,,,,,0,,,,,,,,,,App/Views/MainMenu/BookstoreSceneCoordinator.swift,,,,BASE-CLUBSHOP-COMPACT|BASE-CLUBSHOP-STANDARD|BASE-CLUBSHOP-LARGEST,349D394D-892D-4902-BCE0-C2D340A506FD,39E91EFD-4561-4950-A4E0-8B1ACB8E1C66,BLOCKED,"Current visible environment art is procedural and lacks complete Meshy provenance, registry, source/runtime assets, tests, and approvals."
env.stand.book.backPlane,shop_environment,bookstore,,shop.environment,Club Shop / bookstore room,App/Views/MainMenu/BookstoreSceneCoordinator.swift:2910-2920,bookstore|shop|category changes,Procedural SceneKit/runtime-generated leaf; 1 per edition; 9 current rendered instance(s).,procedural-scene:env.stand.book.backPlane,"Meshy-origin modular replacement for env.stand.book.backPlane, preserving valid disclosed instancing.",true,false,,Static unless source path indicates ambient motion; verify after replacement.,CONTRACT-001|MOCKUP-BOOKSTORE-001|MOCKUP-BOOKSTORE-002,,,,,,,,,,,,0,,,,,,,,,,App/Views/MainMenu/BookstoreSceneCoordinator.swift,,,,BASE-CLUBSHOP-COMPACT|BASE-CLUBSHOP-STANDARD|BASE-CLUBSHOP-LARGEST,349D394D-892D-4902-BCE0-C2D340A506FD,39E91EFD-4561-4950-A4E0-8B1ACB8E1C66,BLOCKED,"Current visible environment art is procedural and lacks complete Meshy provenance, registry, source/runtime assets, tests, and approvals."
env.stand.book.obstacleTab,shop_environment,bookstore,,shop.environment,Club Shop / bookstore room,App/Views/MainMenu/BookstoreSceneCoordinator.swift:2940-2967,bookstore|shop|category changes,Procedural SceneKit/runtime-generated leaf; 9 Obstacle.allCases * 9 editions; 81 current rendered instance(s).,procedural-scene:env.stand.book.obstacleTab,"Meshy-origin modular replacement for env.stand.book.obstacleTab, preserving valid disclosed instancing.",true,false,,Static unless source path indicates ambient motion; verify after replacement.,CONTRACT-001|MOCKUP-BOOKSTORE-001|MOCKUP-BOOKSTORE-002,,,,,,,,,,,,0,,,,,,,,,,App/Views/MainMenu/BookstoreSceneCoordinator.swift,,,,BASE-CLUBSHOP-COMPACT|BASE-CLUBSHOP-STANDARD|BASE-CLUBSHOP-LARGEST,349D394D-892D-4902-BCE0-C2D340A506FD,39E91EFD-4561-4950-A4E0-8B1ACB8E1C66,BLOCKED,"Current visible environment art is procedural and lacks complete Meshy provenance, registry, source/runtime assets, tests, and approvals."
env.stand.pocketWire,shop_environment,bookstore,,shop.environment,Club Shop / bookstore room,App/Views/MainMenu/BookstoreSceneCoordinator.swift:3066-3091,bookstore|shop|category changes,Procedural SceneKit/runtime-generated leaf; 12 rods per addPocket call * 12 calls (9 filled book pockets + 3 empty filler pockets); 144 current rendered instance(s).,procedural-scene:env.stand.pocketWire,"Meshy-origin modular replacement for env.stand.pocketWire, preserving valid disclosed instancing.",true,false,,Static unless source path indicates ambient motion; verify after replacement.,CONTRACT-001|MOCKUP-BOOKSTORE-001|MOCKUP-BOOKSTORE-002,,,,,,,,,,,,0,,,,,,,,,,App/Views/MainMenu/BookstoreSceneCoordinator.swift,,,,BASE-CLUBSHOP-COMPACT|BASE-CLUBSHOP-STANDARD|BASE-CLUBSHOP-LARGEST,349D394D-892D-4902-BCE0-C2D340A506FD,39E91EFD-4561-4950-A4E0-8B1ACB8E1C66,BLOCKED,"Current visible environment art is procedural and lacks complete Meshy provenance, registry, source/runtime assets, tests, and approvals."
shop.counter.body,shop_display,bookstore,,shop.display.fixtures,Club Shop proofing counter/display,App/Views/MainMenu/BookstoreSceneCoordinator.swift:1498-1500,paper category|grid category|numbers category|selected product,Procedural SceneKit/runtime-generated display fixture; 1 literal box; 1 current rendered instance(s).,procedural-display:shop.counter.body,Meshy-origin physical display/fixture replacement for shop.counter.body.,true,false,,Static.,CONTRACT-001|MOCKUP-BOOKSTORE-001|MOCKUP-BOOKSTORE-002,,,,,,,,,,,,0,,,,,,,,,,App/Views/MainMenu/BookstoreSceneCoordinator.swift,,,,BASE-CLUBSHOP-COMPACT|BASE-CLUBSHOP-STANDARD|BASE-CLUBSHOP-LARGEST,349D394D-892D-4902-BCE0-C2D340A506FD,39E91EFD-4561-4950-A4E0-8B1ACB8E1C66,BLOCKED,Current visible display fixture is procedural or lacks complete Meshy provenance and approval.
shop.counter.seam,shop_display,bookstore,,shop.display.fixtures,Club Shop proofing counter/display,App/Views/MainMenu/BookstoreSceneCoordinator.swift:1501-1505,paper category|grid category|numbers category|selected product,"Procedural SceneKit/runtime-generated display fixture; stride(-2.05,1.55,0.52); 7 current rendered instance(s).",procedural-display:shop.counter.seam,Meshy-origin physical display/fixture replacement for shop.counter.seam.,true,false,,Static.,CONTRACT-001|MOCKUP-BOOKSTORE-001|MOCKUP-BOOKSTORE-002,,,,,,,,,,,,0,,,,,,,,,,App/Views/MainMenu/BookstoreSceneCoordinator.swift,,,,BASE-CLUBSHOP-COMPACT|BASE-CLUBSHOP-STANDARD|BASE-CLUBSHOP-LARGEST,349D394D-892D-4902-BCE0-C2D340A506FD,39E91EFD-4561-4950-A4E0-8B1ACB8E1C66,BLOCKED,Current visible display fixture is procedural or lacks complete Meshy provenance and approval.
shop.counter.trim,shop_display,bookstore,,shop.display.fixtures,Club Shop proofing counter/display,App/Views/MainMenu/BookstoreSceneCoordinator.swift:1506-1510,paper category|grid category|numbers category|selected product,"Procedural SceneKit/runtime-generated display fixture; y in [1.18,3.25]; 2 current rendered instance(s).",procedural-display:shop.counter.trim,Meshy-origin physical display/fixture replacement for shop.counter.trim.,true,false,,Static.,CONTRACT-001|MOCKUP-BOOKSTORE-001|MOCKUP-BOOKSTORE-002,,,,,,,,,,,,0,,,,,,,,,,App/Views/MainMenu/BookstoreSceneCoordinator.swift,,,,BASE-CLUBSHOP-COMPACT|BASE-CLUBSHOP-STANDARD|BASE-CLUBSHOP-LARGEST,349D394D-892D-4902-BCE0-C2D340A506FD,39E91EFD-4561-4950-A4E0-8B1ACB8E1C66,BLOCKED,Current visible display fixture is procedural or lacks complete Meshy provenance and approval.
shop.counter.screw,shop_display,bookstore,,shop.display.fixtures,Club Shop proofing counter/display,App/Views/MainMenu/BookstoreSceneCoordinator.swift:1511-1519,paper category|grid category|numbers category|selected product,"Procedural SceneKit/runtime-generated display fixture; x in[-2.15,1.66] * y in[1.16,3.28]; 4 current rendered instance(s).",procedural-display:shop.counter.screw,Meshy-origin physical display/fixture replacement for shop.counter.screw.,true,false,,Static.,CONTRACT-001|MOCKUP-BOOKSTORE-001|MOCKUP-BOOKSTORE-002,,,,,,,,,,,,0,,,,,,,,,,App/Views/MainMenu/BookstoreSceneCoordinator.swift,,,,BASE-CLUBSHOP-COMPACT|BASE-CLUBSHOP-STANDARD|BASE-CLUBSHOP-LARGEST,349D394D-892D-4902-BCE0-C2D340A506FD,39E91EFD-4561-4950-A4E0-8B1ACB8E1C66,BLOCKED,Current visible display fixture is procedural or lacks complete Meshy provenance and approval.
shop.counter.top,shop_display,bookstore,,shop.display.fixtures,Club Shop proofing counter/display,App/Views/MainMenu/BookstoreSceneCoordinator.swift:1521-1526,paper category|grid category|numbers category|selected product,Procedural SceneKit/runtime-generated display fixture; 1 literal box (previewSurface); 1 current rendered instance(s).,procedural-display:shop.counter.top,Meshy-origin physical display/fixture replacement for shop.counter.top.,true,false,,Static.,CONTRACT-001|MOCKUP-BOOKSTORE-001|MOCKUP-BOOKSTORE-002,,,,,,,,,,,,0,,,,,,,,,,App/Views/MainMenu/BookstoreSceneCoordinator.swift,,,,BASE-CLUBSHOP-COMPACT|BASE-CLUBSHOP-STANDARD|BASE-CLUBSHOP-LARGEST,349D394D-892D-4902-BCE0-C2D340A506FD,39E91EFD-4561-4950-A4E0-8B1ACB8E1C66,BLOCKED,Current visible display fixture is procedural or lacks complete Meshy provenance and approval.
shop.counter.lowerCabinet,shop_display,bookstore,,shop.display.fixtures,Club Shop proofing counter/display,App/Views/MainMenu/BookstoreSceneCoordinator.swift:1527,paper category|grid category|numbers category|selected product,Procedural SceneKit/runtime-generated display fixture; 1 literal box; 1 current rendered instance(s).,procedural-display:shop.counter.lowerCabinet,Meshy-origin physical display/fixture replacement for shop.counter.lowerCabinet.,true,false,,Static.,CONTRACT-001|MOCKUP-BOOKSTORE-001|MOCKUP-BOOKSTORE-002,,,,,,,,,,,,0,,,,,,,,,,App/Views/MainMenu/BookstoreSceneCoordinator.swift,,,,BASE-CLUBSHOP-COMPACT|BASE-CLUBSHOP-STANDARD|BASE-CLUBSHOP-LARGEST,349D394D-892D-4902-BCE0-C2D340A506FD,39E91EFD-4561-4950-A4E0-8B1ACB8E1C66,BLOCKED,Current visible display fixture is procedural or lacks complete Meshy provenance and approval.
shop.counter.brassStrip,shop_display,bookstore,,shop.display.fixtures,Club Shop proofing counter/display,App/Views/MainMenu/BookstoreSceneCoordinator.swift:1528,paper category|grid category|numbers category|selected product,Procedural SceneKit/runtime-generated display fixture; 1 literal box; 1 current rendered instance(s).,procedural-display:shop.counter.brassStrip,Meshy-origin physical display/fixture replacement for shop.counter.brassStrip.,true,false,,Static.,CONTRACT-001|MOCKUP-BOOKSTORE-001|MOCKUP-BOOKSTORE-002,,,,,,,,,,,,0,,,,,,,,,,App/Views/MainMenu/BookstoreSceneCoordinator.swift,,,,BASE-CLUBSHOP-COMPACT|BASE-CLUBSHOP-STANDARD|BASE-CLUBSHOP-LARGEST,349D394D-892D-4902-BCE0-C2D340A506FD,39E91EFD-4561-4950-A4E0-8B1ACB8E1C66,BLOCKED,Current visible display fixture is procedural or lacks complete Meshy provenance and approval.
shop.sign.board,shop_display,bookstore,,shop.display.fixtures,Club Shop proofing counter/display,App/Views/MainMenu/BookstoreSceneCoordinator.swift:1530-1542,paper category|grid category|numbers category|selected product,"Procedural SceneKit/runtime-generated display fixture; 1 literal plane, CLUB SHOP signage; 1 current rendered instance(s).",procedural-display:shop.sign.board,Meshy-origin physical display/fixture replacement for shop.sign.board.,true,false,,Static.,CONTRACT-001|MOCKUP-BOOKSTORE-001|MOCKUP-BOOKSTORE-002,,,,,,,,,,,,0,,,,,,,,,,App/Views/MainMenu/BookstoreSceneCoordinator.swift,,,,BASE-CLUBSHOP-COMPACT|BASE-CLUBSHOP-STANDARD|BASE-CLUBSHOP-LARGEST,349D394D-892D-4902-BCE0-C2D340A506FD,39E91EFD-4561-4950-A4E0-8B1ACB8E1C66,BLOCKED,Current visible display fixture is procedural or lacks complete Meshy provenance and approval.
shop.sign.notice,shop_display,bookstore,,shop.display.fixtures,Club Shop proofing counter/display,App/Views/MainMenu/BookstoreSceneCoordinator.swift:1544-1555,paper category|grid category|numbers category|selected product,"Procedural SceneKit/runtime-generated display fixture; 1 literal plane, SAMPLES notice; 1 current rendered instance(s).",procedural-display:shop.sign.notice,Meshy-origin physical display/fixture replacement for shop.sign.notice.,true,false,,Static.,CONTRACT-001|MOCKUP-BOOKSTORE-001|MOCKUP-BOOKSTORE-002,,,,,,,,,,,,0,,,,,,,,,,App/Views/MainMenu/BookstoreSceneCoordinator.swift,,,,BASE-CLUBSHOP-COMPACT|BASE-CLUBSHOP-STANDARD|BASE-CLUBSHOP-LARGEST,349D394D-892D-4902-BCE0-C2D340A506FD,39E91EFD-4561-4950-A4E0-8B1ACB8E1C66,BLOCKED,Current visible display fixture is procedural or lacks complete Meshy provenance and approval.
shop.hangingSample.clip,shop_display,bookstore,,shop.display.fixtures,Club Shop proofing counter/display,App/Views/MainMenu/BookstoreSceneCoordinator.swift:1576-1579,paper category|grid category|numbers category|selected product,Procedural SceneKit/runtime-generated display fixture; 1 brass clip per hanging sample; 3 current rendered instance(s).,procedural-display:shop.hangingSample.clip,Meshy-origin physical display/fixture replacement for shop.hangingSample.clip.,true,false,,Static.,CONTRACT-001|MOCKUP-BOOKSTORE-001|MOCKUP-BOOKSTORE-002,,,,,,,,,,,,0,,,,,,,,,,App/Views/MainMenu/BookstoreSceneCoordinator.swift,,,,BASE-CLUBSHOP-COMPACT|BASE-CLUBSHOP-STANDARD|BASE-CLUBSHOP-LARGEST,349D394D-892D-4902-BCE0-C2D340A506FD,39E91EFD-4561-4950-A4E0-8B1ACB8E1C66,BLOCKED,Current visible display fixture is procedural or lacks complete Meshy provenance and approval.
shop.display.drawerFace,shop_display,bookstore,,shop.display.fixtures,Club Shop proofing counter/display,App/Views/MainMenu/BookstoreSceneCoordinator.swift:1594-1600,paper category|grid category|numbers category|selected product,Procedural SceneKit/runtime-generated display fixture; 1 per CosmeticCategory (3); 3 current rendered instance(s).,procedural-display:shop.display.drawerFace,Meshy-origin physical display/fixture replacement for shop.display.drawerFace.,true,false,,Static.,CONTRACT-001|MOCKUP-BOOKSTORE-001|MOCKUP-BOOKSTORE-002,,,,,,,,,,,,0,,,,,,,,,,App/Views/MainMenu/BookstoreSceneCoordinator.swift,,,,BASE-CLUBSHOP-COMPACT|BASE-CLUBSHOP-STANDARD|BASE-CLUBSHOP-LARGEST,349D394D-892D-4902-BCE0-C2D340A506FD,39E91EFD-4561-4950-A4E0-8B1ACB8E1C66,BLOCKED,Current visible display fixture is procedural or lacks complete Meshy provenance and approval.
shop.display.drawerLabel,shop_display,bookstore,,shop.display.fixtures,Club Shop proofing counter/display,App/Views/MainMenu/BookstoreSceneCoordinator.swift:1602-1613,paper category|grid category|numbers category|selected product,Procedural SceneKit/runtime-generated display fixture; 1 per category; 3 current rendered instance(s).,procedural-display:shop.display.drawerLabel,Meshy-origin physical display/fixture replacement for shop.display.drawerLabel.,true,false,,Static.,CONTRACT-001|MOCKUP-BOOKSTORE-001|MOCKUP-BOOKSTORE-002,,,,,,,,,,,,0,,,,,,,,,,App/Views/MainMenu/BookstoreSceneCoordinator.swift,,,,BASE-CLUBSHOP-COMPACT|BASE-CLUBSHOP-STANDARD|BASE-CLUBSHOP-LARGEST,349D394D-892D-4902-BCE0-C2D340A506FD,39E91EFD-4561-4950-A4E0-8B1ACB8E1C66,BLOCKED,Current visible display fixture is procedural or lacks complete Meshy provenance and approval.
shop.display.drawerPull,shop_display,bookstore,,shop.display.fixtures,Club Shop proofing counter/display,App/Views/MainMenu/BookstoreSceneCoordinator.swift:1615-1617,paper category|grid category|numbers category|selected product,Procedural SceneKit/runtime-generated display fixture; 1 per category; 3 current rendered instance(s).,procedural-display:shop.display.drawerPull,Meshy-origin physical display/fixture replacement for shop.display.drawerPull.,true,false,,Static.,CONTRACT-001|MOCKUP-BOOKSTORE-001|MOCKUP-BOOKSTORE-002,,,,,,,,,,,,0,,,,,,,,,,App/Views/MainMenu/BookstoreSceneCoordinator.swift,,,,BASE-CLUBSHOP-COMPACT|BASE-CLUBSHOP-STANDARD|BASE-CLUBSHOP-LARGEST,349D394D-892D-4902-BCE0-C2D340A506FD,39E91EFD-4561-4950-A4E0-8B1ACB8E1C66,BLOCKED,Current visible display fixture is procedural or lacks complete Meshy provenance and approval.
shop.display.drawerPost,shop_display,bookstore,,shop.display.fixtures,Club Shop proofing counter/display,App/Views/MainMenu/BookstoreSceneCoordinator.swift:1618-1622,paper category|grid category|numbers category|selected product,Procedural SceneKit/runtime-generated display fixture; 2 posts * 3 categories; 6 current rendered instance(s).,procedural-display:shop.display.drawerPost,Meshy-origin physical display/fixture replacement for shop.display.drawerPost.,true,false,,Static.,CONTRACT-001|MOCKUP-BOOKSTORE-001|MOCKUP-BOOKSTORE-002,,,,,,,,,,,,0,,,,,,,,,,App/Views/MainMenu/BookstoreSceneCoordinator.swift,,,,BASE-CLUBSHOP-COMPACT|BASE-CLUBSHOP-STANDARD|BASE-CLUBSHOP-LARGEST,349D394D-892D-4902-BCE0-C2D340A506FD,39E91EFD-4561-4950-A4E0-8B1ACB8E1C66,BLOCKED,Current visible display fixture is procedural or lacks complete Meshy provenance and approval.
shop.display.plinth,shop_display,bookstore,,shop.display.fixtures,Club Shop proofing counter/display,App/Views/MainMenu/BookstoreSceneCoordinator.swift:1632-1643,paper category|grid category|numbers category|selected product,Procedural SceneKit/runtime-generated display fixture; 1 per category; Meshy ClubTurntable.usdz clone (makeMeshyShopTurntable) or SCNCylinder fallback if bundle load fails; 3 current rendered instance(s).,procedural-display:shop.display.plinth,Meshy-origin physical display/fixture replacement for shop.display.plinth.,true,false,,Static.,CONTRACT-001|MOCKUP-BOOKSTORE-001|MOCKUP-BOOKSTORE-002,,,,,,,,,,,,0,,,,,,,,,,App/Views/MainMenu/BookstoreSceneCoordinator.swift,,,,BASE-CLUBSHOP-COMPACT|BASE-CLUBSHOP-STANDARD|BASE-CLUBSHOP-LARGEST,349D394D-892D-4902-BCE0-C2D340A506FD,39E91EFD-4561-4950-A4E0-8B1ACB8E1C66,BLOCKED,Current visible display fixture is procedural or lacks complete Meshy provenance and approval.
shop.display.turntableTop,shop_display,bookstore,,shop.display.fixtures,Club Shop proofing counter/display,App/Views/MainMenu/BookstoreSceneCoordinator.swift:1651-1660,paper category|grid category|numbers category|selected product,Procedural SceneKit/runtime-generated display fixture; 1 per category; 3 current rendered instance(s).,procedural-display:shop.display.turntableTop,Meshy-origin physical display/fixture replacement for shop.display.turntableTop.,true,false,selected-item spin/support,Automatic rotation disabled; direct accessible inspection remains available.,CONTRACT-001|MOCKUP-BOOKSTORE-001|MOCKUP-BOOKSTORE-002,,,,,,,,,,,,0,,,,,,,,,,App/Views/MainMenu/BookstoreSceneCoordinator.swift,,,,BASE-CLUBSHOP-COMPACT|BASE-CLUBSHOP-STANDARD|BASE-CLUBSHOP-LARGEST,349D394D-892D-4902-BCE0-C2D340A506FD,39E91EFD-4561-4950-A4E0-8B1ACB8E1C66,BLOCKED,Current visible display fixture is procedural or lacks complete Meshy provenance and approval.
shop.display.registerRing,shop_display,bookstore,,shop.display.fixtures,Club Shop proofing counter/display,App/Views/MainMenu/BookstoreSceneCoordinator.swift:1665-1673,paper category|grid category|numbers category|selected product,Procedural SceneKit/runtime-generated display fixture; 1 per category; 3 current rendered instance(s).,procedural-display:shop.display.registerRing,Meshy-origin physical display/fixture replacement for shop.display.registerRing.,true,false,selected-item spin/support,Static.,CONTRACT-001|MOCKUP-BOOKSTORE-001|MOCKUP-BOOKSTORE-002,,,,,,,,,,,,0,,,,,,,,,,App/Views/MainMenu/BookstoreSceneCoordinator.swift,,,,BASE-CLUBSHOP-COMPACT|BASE-CLUBSHOP-STANDARD|BASE-CLUBSHOP-LARGEST,349D394D-892D-4902-BCE0-C2D340A506FD,39E91EFD-4561-4950-A4E0-8B1ACB8E1C66,BLOCKED,Current visible display fixture is procedural or lacks complete Meshy provenance and approval.
shop.display.registerTick,shop_display,bookstore,,shop.display.fixtures,Club Shop proofing counter/display,App/Views/MainMenu/BookstoreSceneCoordinator.swift:1674-1684,paper category|grid category|numbers category|selected product,"Procedural SceneKit/runtime-generated display fixture; 4 ticks (stride 0,pi/2,2pi) * 3 categories; 12 current rendered instance(s).",procedural-display:shop.display.registerTick,Meshy-origin physical display/fixture replacement for shop.display.registerTick.,true,false,selected-item spin/support,Static.,CONTRACT-001|MOCKUP-BOOKSTORE-001|MOCKUP-BOOKSTORE-002,,,,,,,,,,,,0,,,,,,,,,,App/Views/MainMenu/BookstoreSceneCoordinator.swift,,,,BASE-CLUBSHOP-COMPACT|BASE-CLUBSHOP-STANDARD|BASE-CLUBSHOP-LARGEST,349D394D-892D-4902-BCE0-C2D340A506FD,39E91EFD-4561-4950-A4E0-8B1ACB8E1C66,BLOCKED,Current visible display fixture is procedural or lacks complete Meshy provenance and approval.
shop.display.priceTag,shop_display,bookstore,,shop.display.fixtures,Club Shop proofing counter/display,App/Views/MainMenu/BookstoreSceneCoordinator.swift:1700-1712,paper category|grid category|numbers category|selected product,Procedural SceneKit/runtime-generated display fixture; 1 per category; 3 current rendered instance(s).,procedural-display:shop.display.priceTag,Meshy-origin physical display/fixture replacement for shop.display.priceTag.,true,false,,Static.,CONTRACT-001|MOCKUP-BOOKSTORE-001|MOCKUP-BOOKSTORE-002,,,,,,,,,,,,0,,,,,,,,,,App/Views/MainMenu/BookstoreSceneCoordinator.swift,,,,BASE-CLUBSHOP-COMPACT|BASE-CLUBSHOP-STANDARD|BASE-CLUBSHOP-LARGEST,349D394D-892D-4902-BCE0-C2D340A506FD,39E91EFD-4561-4950-A4E0-8B1ACB8E1C66,BLOCKED,Current visible display fixture is procedural or lacks complete Meshy provenance and approval.
shop.display.numbers.rail,shop_display,bookstore,,shop.display.fixtures,Club Shop proofing counter/display,App/Views/MainMenu/BookstoreSceneCoordinator.swift:2037-2039,paper category|grid category|numbers category|selected product,"Procedural SceneKit/runtime-generated display fixture; 1 literal box, .numbers category only; 1 current rendered instance(s).",procedural-display:shop.display.numbers.rail,Meshy-origin physical display/fixture replacement for shop.display.numbers.rail.,true,false,,Static.,CONTRACT-001|MOCKUP-BOOKSTORE-001|MOCKUP-BOOKSTORE-002,,,,,,,,,,,,0,,,,,,,,,,App/Views/MainMenu/BookstoreSceneCoordinator.swift,,,,BASE-CLUBSHOP-COMPACT|BASE-CLUBSHOP-STANDARD|BASE-CLUBSHOP-LARGEST,349D394D-892D-4902-BCE0-C2D340A506FD,39E91EFD-4561-4950-A4E0-8B1ACB8E1C66,BLOCKED,Current visible display fixture is procedural or lacks complete Meshy provenance and approval.
shop.lamp.shade,shop_display,bookstore,,shop.display.fixtures,Club Shop proofing counter/display,App/Views/MainMenu/BookstoreSceneCoordinator.swift:2145-2150,paper category|grid category|numbers category|selected product,Procedural SceneKit/runtime-generated display fixture; 1 literal cone; 1 current rendered instance(s).,procedural-display:shop.lamp.shade,Meshy-origin physical display/fixture replacement for shop.lamp.shade.,true,false,,Static.,CONTRACT-001|MOCKUP-BOOKSTORE-001|MOCKUP-BOOKSTORE-002,,,,,,,,,,,,0,,,,,,,,,,App/Views/MainMenu/BookstoreSceneCoordinator.swift,,,,BASE-CLUBSHOP-COMPACT|BASE-CLUBSHOP-STANDARD|BASE-CLUBSHOP-LARGEST,349D394D-892D-4902-BCE0-C2D340A506FD,39E91EFD-4561-4950-A4E0-8B1ACB8E1C66,BLOCKED,Current visible display fixture is procedural or lacks complete Meshy provenance and approval.
shop.lamp.rim,shop_display,bookstore,,shop.display.fixtures,Club Shop proofing counter/display,App/Views/MainMenu/BookstoreSceneCoordinator.swift:2152-2156,paper category|grid category|numbers category|selected product,Procedural SceneKit/runtime-generated display fixture; 1 literal torus; 1 current rendered instance(s).,procedural-display:shop.lamp.rim,Meshy-origin physical display/fixture replacement for shop.lamp.rim.,true,false,,Static.,CONTRACT-001|MOCKUP-BOOKSTORE-001|MOCKUP-BOOKSTORE-002,,,,,,,,,,,,0,,,,,,,,,,App/Views/MainMenu/BookstoreSceneCoordinator.swift,,,,BASE-CLUBSHOP-COMPACT|BASE-CLUBSHOP-STANDARD|BASE-CLUBSHOP-LARGEST,349D394D-892D-4902-BCE0-C2D340A506FD,39E91EFD-4561-4950-A4E0-8B1ACB8E1C66,BLOCKED,Current visible display fixture is procedural or lacks complete Meshy provenance and approval.
shop.lamp.cord,shop_display,bookstore,,shop.display.fixtures,Club Shop proofing counter/display,App/Views/MainMenu/BookstoreSceneCoordinator.swift:2158-2162,paper category|grid category|numbers category|selected product,Procedural SceneKit/runtime-generated display fixture; 1 literal cylinder; 1 current rendered instance(s).,procedural-display:shop.lamp.cord,Meshy-origin physical display/fixture replacement for shop.lamp.cord.,true,false,,Static.,CONTRACT-001|MOCKUP-BOOKSTORE-001|MOCKUP-BOOKSTORE-002,,,,,,,,,,,,0,,,,,,,,,,App/Views/MainMenu/BookstoreSceneCoordinator.swift,,,,BASE-CLUBSHOP-COMPACT|BASE-CLUBSHOP-STANDARD|BASE-CLUBSHOP-LARGEST,349D394D-892D-4902-BCE0-C2D340A506FD,39E91EFD-4561-4950-A4E0-8B1ACB8E1C66,BLOCKED,Current visible display fixture is procedural or lacks complete Meshy provenance and approval.
shop.lamp.canopy,shop_display,bookstore,,shop.display.fixtures,Club Shop proofing counter/display,App/Views/MainMenu/BookstoreSceneCoordinator.swift:2164-2168,paper category|grid category|numbers category|selected product,Procedural SceneKit/runtime-generated display fixture; 1 literal cylinder; 1 current rendered instance(s).,procedural-display:shop.lamp.canopy,Meshy-origin physical display/fixture replacement for shop.lamp.canopy.,true,false,,Static.,CONTRACT-001|MOCKUP-BOOKSTORE-001|MOCKUP-BOOKSTORE-002,,,,,,,,,,,,0,,,,,,,,,,App/Views/MainMenu/BookstoreSceneCoordinator.swift,,,,BASE-CLUBSHOP-COMPACT|BASE-CLUBSHOP-STANDARD|BASE-CLUBSHOP-LARGEST,349D394D-892D-4902-BCE0-C2D340A506FD,39E91EFD-4561-4950-A4E0-8B1ACB8E1C66,BLOCKED,Current visible display fixture is procedural or lacks complete Meshy provenance and approval.
shop.lamp.bulb,shop_display,bookstore,,shop.display.fixtures,Club Shop proofing counter/display,App/Views/MainMenu/BookstoreSceneCoordinator.swift:2170-2177,paper category|grid category|numbers category|selected product,Procedural SceneKit/runtime-generated display fixture; 1 literal sphere; 1 current rendered instance(s).,procedural-display:shop.lamp.bulb,Meshy-origin physical display/fixture replacement for shop.lamp.bulb.,true,false,,Static.,CONTRACT-001|MOCKUP-BOOKSTORE-001|MOCKUP-BOOKSTORE-002,,,,,,,,,,,,0,,,,,,,,,,App/Views/MainMenu/BookstoreSceneCoordinator.swift,,,,BASE-CLUBSHOP-COMPACT|BASE-CLUBSHOP-STANDARD|BASE-CLUBSHOP-LARGEST,349D394D-892D-4902-BCE0-C2D340A506FD,39E91EFD-4561-4950-A4E0-8B1ACB8E1C66,BLOCKED,Current visible display fixture is procedural or lacks complete Meshy provenance and approval.
shop.lamp.lightTrace,shop_display,bookstore,,shop.display.fixtures,Club Shop proofing counter/display,App/Views/MainMenu/BookstoreSceneCoordinator.swift:2255-2264,paper category|grid category|numbers category|selected product,Procedural SceneKit/runtime-generated display fixture; 1 custom open-cone geometry (visible light-shaft mesh); 1 current rendered instance(s).,procedural-display:shop.lamp.lightTrace,Meshy-origin physical display/fixture replacement for shop.lamp.lightTrace.,true,false,,Static.,CONTRACT-001|MOCKUP-BOOKSTORE-001|MOCKUP-BOOKSTORE-002,,,,,,,,,,,,0,,,,,,,,,,App/Views/MainMenu/BookstoreSceneCoordinator.swift,,,,BASE-CLUBSHOP-COMPACT|BASE-CLUBSHOP-STANDARD|BASE-CLUBSHOP-LARGEST,349D394D-892D-4902-BCE0-C2D340A506FD,39E91EFD-4561-4950-A4E0-8B1ACB8E1C66,BLOCKED,Current visible display fixture is procedural or lacks complete Meshy provenance and approval.
shop.lamp.softLightTrace,shop_display,bookstore,,shop.display.fixtures,Club Shop proofing counter/display,App/Views/MainMenu/BookstoreSceneCoordinator.swift:2266-2274,paper category|grid category|numbers category|selected product,Procedural SceneKit/runtime-generated display fixture; 1 custom open-cone geometry; 1 current rendered instance(s).,procedural-display:shop.lamp.softLightTrace,Meshy-origin physical display/fixture replacement for shop.lamp.softLightTrace.,true,false,,Static.,CONTRACT-001|MOCKUP-BOOKSTORE-001|MOCKUP-BOOKSTORE-002,,,,,,,,,,,,0,,,,,,,,,,App/Views/MainMenu/BookstoreSceneCoordinator.swift,,,,BASE-CLUBSHOP-COMPACT|BASE-CLUBSHOP-STANDARD|BASE-CLUBSHOP-LARGEST,349D394D-892D-4902-BCE0-C2D340A506FD,39E91EFD-4561-4950-A4E0-8B1ACB8E1C66,BLOCKED,Current visible display fixture is procedural or lacks complete Meshy provenance and approval.
shop.lamp.dustEmitter,shop_display,bookstore,,shop.display.fixtures,Club Shop proofing counter/display,App/Views/MainMenu/BookstoreSceneCoordinator.swift:2276-2300,paper category|grid category|numbers category|selected product,"Procedural SceneKit/runtime-generated display fixture; 1 SCNParticleSystem node; particleImage=UIImage(systemName:""circle.fill"") — SF Symbol used as particle sprite; 1 current rendered instance(s).",procedural-display:shop.lamp.dustEmitter,Meshy-origin physical display/fixture replacement for shop.lamp.dustEmitter.,true,false,,Static.,CONTRACT-001|MOCKUP-BOOKSTORE-001|MOCKUP-BOOKSTORE-002,,,,,,,,,,,,0,,,,,,,,,,App/Views/MainMenu/BookstoreSceneCoordinator.swift,,,,BASE-CLUBSHOP-COMPACT|BASE-CLUBSHOP-STANDARD|BASE-CLUBSHOP-LARGEST,349D394D-892D-4902-BCE0-C2D340A506FD,39E91EFD-4561-4950-A4E0-8B1ACB8E1C66,BLOCKED,Current visible display fixture is procedural or lacks complete Meshy provenance and approval.
number.nb_press.1,numbers,nb_press,1,nb_press,"Club Shop number inspection; gameplay clues, entries, pencil marks, hand/return motion",App/Views/CosmeticSkinRendering.swift:59-147; App/Views/MainMenu/BookstoreSceneCoordinator.swift:2033-2114,shop selected|shop neighbor|clue|player entry|pencil mark|selected|error|correct,SwiftUI Text/font glyph and SceneKit SCNText merchandise; current generic shop glyph leaf is folded into this required per-digit row.,font-glyph:nb_press.1,"Dedicated Meshy digit 1 asset for nb_press, with shop/gameplay LODs from one lineage.",true,true,arrival|return|style effect when applicable,Readable static pose; effect motion pauses without font fallback.,CONTRACT-001|MOCKUP-BOOKSTORE-001|MOCKUP-BOOKSTORE-002,,,,,,,,,,,,0,,,,,,,,,,App/Views/MainMenu/BookstoreSceneCoordinator.swift:2033-2114,App/Views/CosmeticSkinRendering.swift:59-147,,,BASE-GAMEPLAY-COMPACT|BASE-GAMEPLAY-STANDARD|BASE-GAMEPLAY-LARGEST,64B23C26-CCB9-4CD2-9B5D-534F05D6DA6C,39E91EFD-4561-4950-A4E0-8B1ACB8E1C66,BLOCKED,"No dedicated Meshy digit source/runtime asset, registry entry, provenance, per-digit tests, or approved contact sheet exists."
number.nb_press.2,numbers,nb_press,2,nb_press,"Club Shop number inspection; gameplay clues, entries, pencil marks, hand/return motion",App/Views/CosmeticSkinRendering.swift:59-147; App/Views/MainMenu/BookstoreSceneCoordinator.swift:2033-2114,shop selected|shop neighbor|clue|player entry|pencil mark|selected|error|correct,SwiftUI Text/font glyph and SceneKit SCNText merchandise; current generic shop glyph leaf is folded into this required per-digit row.,font-glyph:nb_press.2,"Dedicated Meshy digit 2 asset for nb_press, with shop/gameplay LODs from one lineage.",true,true,arrival|return|style effect when applicable,Readable static pose; effect motion pauses without font fallback.,CONTRACT-001|MOCKUP-BOOKSTORE-001|MOCKUP-BOOKSTORE-002,,,,,,,,,,,,0,,,,,,,,,,App/Views/MainMenu/BookstoreSceneCoordinator.swift:2033-2114,App/Views/CosmeticSkinRendering.swift:59-147,,,BASE-GAMEPLAY-COMPACT|BASE-GAMEPLAY-STANDARD|BASE-GAMEPLAY-LARGEST,64B23C26-CCB9-4CD2-9B5D-534F05D6DA6C,39E91EFD-4561-4950-A4E0-8B1ACB8E1C66,BLOCKED,"No dedicated Meshy digit source/runtime asset, registry entry, provenance, per-digit tests, or approved contact sheet exists."
number.nb_press.3,numbers,nb_press,3,nb_press,"Club Shop number inspection; gameplay clues, entries, pencil marks, hand/return motion",App/Views/CosmeticSkinRendering.swift:59-147; App/Views/MainMenu/BookstoreSceneCoordinator.swift:2033-2114,shop selected|shop neighbor|clue|player entry|pencil mark|selected|error|correct,SwiftUI Text/font glyph and SceneKit SCNText merchandise; current generic shop glyph leaf is folded into this required per-digit row.,font-glyph:nb_press.3,"Dedicated Meshy digit 3 asset for nb_press, with shop/gameplay LODs from one lineage.",true,true,arrival|return|style effect when applicable,Readable static pose; effect motion pauses without font fallback.,CONTRACT-001|MOCKUP-BOOKSTORE-001|MOCKUP-BOOKSTORE-002,,,,,,,,,,,,0,,,,,,,,,,App/Views/MainMenu/BookstoreSceneCoordinator.swift:2033-2114,App/Views/CosmeticSkinRendering.swift:59-147,,,BASE-GAMEPLAY-COMPACT|BASE-GAMEPLAY-STANDARD|BASE-GAMEPLAY-LARGEST,64B23C26-CCB9-4CD2-9B5D-534F05D6DA6C,39E91EFD-4561-4950-A4E0-8B1ACB8E1C66,BLOCKED,"No dedicated Meshy digit source/runtime asset, registry entry, provenance, per-digit tests, or approved contact sheet exists."
number.nb_press.4,numbers,nb_press,4,nb_press,"Club Shop number inspection; gameplay clues, entries, pencil marks, hand/return motion",App/Views/CosmeticSkinRendering.swift:59-147; App/Views/MainMenu/BookstoreSceneCoordinator.swift:2033-2114,shop selected|shop neighbor|clue|player entry|pencil mark|selected|error|correct,SwiftUI Text/font glyph and SceneKit SCNText merchandise; current generic shop glyph leaf is folded into this required per-digit row.,font-glyph:nb_press.4,"Dedicated Meshy digit 4 asset for nb_press, with shop/gameplay LODs from one lineage.",true,true,arrival|return|style effect when applicable,Readable static pose; effect motion pauses without font fallback.,CONTRACT-001|MOCKUP-BOOKSTORE-001|MOCKUP-BOOKSTORE-002,,,,,,,,,,,,0,,,,,,,,,,App/Views/MainMenu/BookstoreSceneCoordinator.swift:2033-2114,App/Views/CosmeticSkinRendering.swift:59-147,,,BASE-GAMEPLAY-COMPACT|BASE-GAMEPLAY-STANDARD|BASE-GAMEPLAY-LARGEST,64B23C26-CCB9-4CD2-9B5D-534F05D6DA6C,39E91EFD-4561-4950-A4E0-8B1ACB8E1C66,BLOCKED,"No dedicated Meshy digit source/runtime asset, registry entry, provenance, per-digit tests, or approved contact sheet exists."
number.nb_press.5,numbers,nb_press,5,nb_press,"Club Shop number inspection; gameplay clues, entries, pencil marks, hand/return motion",App/Views/CosmeticSkinRendering.swift:59-147; App/Views/MainMenu/BookstoreSceneCoordinator.swift:2033-2114,shop selected|shop neighbor|clue|player entry|pencil mark|selected|error|correct,SwiftUI Text/font glyph and SceneKit SCNText merchandise; current generic shop glyph leaf is folded into this required per-digit row.,font-glyph:nb_press.5,"Dedicated Meshy digit 5 asset for nb_press, with shop/gameplay LODs from one lineage.",true,true,arrival|return|style effect when applicable,Readable static pose; effect motion pauses without font fallback.,CONTRACT-001|MOCKUP-BOOKSTORE-001|MOCKUP-BOOKSTORE-002,,,,,,,,,,,,0,,,,,,,,,,App/Views/MainMenu/BookstoreSceneCoordinator.swift:2033-2114,App/Views/CosmeticSkinRendering.swift:59-147,,,BASE-GAMEPLAY-COMPACT|BASE-GAMEPLAY-STANDARD|BASE-GAMEPLAY-LARGEST,64B23C26-CCB9-4CD2-9B5D-534F05D6DA6C,39E91EFD-4561-4950-A4E0-8B1ACB8E1C66,BLOCKED,"No dedicated Meshy digit source/runtime asset, registry entry, provenance, per-digit tests, or approved contact sheet exists."
number.nb_press.6,numbers,nb_press,6,nb_press,"Club Shop number inspection; gameplay clues, entries, pencil marks, hand/return motion",App/Views/CosmeticSkinRendering.swift:59-147; App/Views/MainMenu/BookstoreSceneCoordinator.swift:2033-2114,shop selected|shop neighbor|clue|player entry|pencil mark|selected|error|correct,SwiftUI Text/font glyph and SceneKit SCNText merchandise; current generic shop glyph leaf is folded into this required per-digit row.,font-glyph:nb_press.6,"Dedicated Meshy digit 6 asset for nb_press, with shop/gameplay LODs from one lineage.",true,true,arrival|return|style effect when applicable,Readable static pose; effect motion pauses without font fallback.,CONTRACT-001|MOCKUP-BOOKSTORE-001|MOCKUP-BOOKSTORE-002,,,,,,,,,,,,0,,,,,,,,,,App/Views/MainMenu/BookstoreSceneCoordinator.swift:2033-2114,App/Views/CosmeticSkinRendering.swift:59-147,,,BASE-GAMEPLAY-COMPACT|BASE-GAMEPLAY-STANDARD|BASE-GAMEPLAY-LARGEST,64B23C26-CCB9-4CD2-9B5D-534F05D6DA6C,39E91EFD-4561-4950-A4E0-8B1ACB8E1C66,BLOCKED,"No dedicated Meshy digit source/runtime asset, registry entry, provenance, per-digit tests, or approved contact sheet exists."
number.nb_press.7,numbers,nb_press,7,nb_press,"Club Shop number inspection; gameplay clues, entries, pencil marks, hand/return motion",App/Views/CosmeticSkinRendering.swift:59-147; App/Views/MainMenu/BookstoreSceneCoordinator.swift:2033-2114,shop selected|shop neighbor|clue|player entry|pencil mark|selected|error|correct,SwiftUI Text/font glyph and SceneKit SCNText merchandise; current generic shop glyph leaf is folded into this required per-digit row.,font-glyph:nb_press.7,"Dedicated Meshy digit 7 asset for nb_press, with shop/gameplay LODs from one lineage.",true,true,arrival|return|style effect when applicable,Readable static pose; effect motion pauses without font fallback.,CONTRACT-001|MOCKUP-BOOKSTORE-001|MOCKUP-BOOKSTORE-002,,,,,,,,,,,,0,,,,,,,,,,App/Views/MainMenu/BookstoreSceneCoordinator.swift:2033-2114,App/Views/CosmeticSkinRendering.swift:59-147,,,BASE-GAMEPLAY-COMPACT|BASE-GAMEPLAY-STANDARD|BASE-GAMEPLAY-LARGEST,64B23C26-CCB9-4CD2-9B5D-534F05D6DA6C,39E91EFD-4561-4950-A4E0-8B1ACB8E1C66,BLOCKED,"No dedicated Meshy digit source/runtime asset, registry entry, provenance, per-digit tests, or approved contact sheet exists."
number.nb_press.8,numbers,nb_press,8,nb_press,"Club Shop number inspection; gameplay clues, entries, pencil marks, hand/return motion",App/Views/CosmeticSkinRendering.swift:59-147; App/Views/MainMenu/BookstoreSceneCoordinator.swift:2033-2114,shop selected|shop neighbor|clue|player entry|pencil mark|selected|error|correct,SwiftUI Text/font glyph and SceneKit SCNText merchandise; current generic shop glyph leaf is folded into this required per-digit row.,font-glyph:nb_press.8,"Dedicated Meshy digit 8 asset for nb_press, with shop/gameplay LODs from one lineage.",true,true,arrival|return|style effect when applicable,Readable static pose; effect motion pauses without font fallback.,CONTRACT-001|MOCKUP-BOOKSTORE-001|MOCKUP-BOOKSTORE-002,,,,,,,,,,,,0,,,,,,,,,,App/Views/MainMenu/BookstoreSceneCoordinator.swift:2033-2114,App/Views/CosmeticSkinRendering.swift:59-147,,,BASE-GAMEPLAY-COMPACT|BASE-GAMEPLAY-STANDARD|BASE-GAMEPLAY-LARGEST,64B23C26-CCB9-4CD2-9B5D-534F05D6DA6C,39E91EFD-4561-4950-A4E0-8B1ACB8E1C66,BLOCKED,"No dedicated Meshy digit source/runtime asset, registry entry, provenance, per-digit tests, or approved contact sheet exists."
number.nb_press.9,numbers,nb_press,9,nb_press,"Club Shop number inspection; gameplay clues, entries, pencil marks, hand/return motion",App/Views/CosmeticSkinRendering.swift:59-147; App/Views/MainMenu/BookstoreSceneCoordinator.swift:2033-2114,shop selected|shop neighbor|clue|player entry|pencil mark|selected|error|correct,SwiftUI Text/font glyph and SceneKit SCNText merchandise; current generic shop glyph leaf is folded into this required per-digit row.,font-glyph:nb_press.9,"Dedicated Meshy digit 9 asset for nb_press, with shop/gameplay LODs from one lineage.",true,true,arrival|return|style effect when applicable,Readable static pose; effect motion pauses without font fallback.,CONTRACT-001|MOCKUP-BOOKSTORE-001|MOCKUP-BOOKSTORE-002,,,,,,,,,,,,0,,,,,,,,,,App/Views/MainMenu/BookstoreSceneCoordinator.swift:2033-2114,App/Views/CosmeticSkinRendering.swift:59-147,,,BASE-GAMEPLAY-COMPACT|BASE-GAMEPLAY-STANDARD|BASE-GAMEPLAY-LARGEST,64B23C26-CCB9-4CD2-9B5D-534F05D6DA6C,39E91EFD-4561-4950-A4E0-8B1ACB8E1C66,BLOCKED,"No dedicated Meshy digit source/runtime asset, registry entry, provenance, per-digit tests, or approved contact sheet exists."
number.nb_typewriter.1,numbers,nb_typewriter,1,nb_typewriter,"Club Shop number inspection; gameplay clues, entries, pencil marks, hand/return motion",App/Views/CosmeticSkinRendering.swift:59-147; App/Views/MainMenu/BookstoreSceneCoordinator.swift:2033-2114,shop selected|shop neighbor|clue|player entry|pencil mark|selected|error|correct,SwiftUI Text/font glyph and SceneKit SCNText merchandise; current generic shop glyph leaf is folded into this required per-digit row.,font-glyph:nb_typewriter.1,"Dedicated Meshy digit 1 asset for nb_typewriter, with shop/gameplay LODs from one lineage.",true,true,arrival|return|style effect when applicable,Readable static pose; effect motion pauses without font fallback.,CONTRACT-001|MOCKUP-BOOKSTORE-001|MOCKUP-BOOKSTORE-002,,,,,,,,,,,,0,,,,,,,,,,App/Views/MainMenu/BookstoreSceneCoordinator.swift:2033-2114,App/Views/CosmeticSkinRendering.swift:59-147,,,BASE-GAMEPLAY-COMPACT|BASE-GAMEPLAY-STANDARD|BASE-GAMEPLAY-LARGEST,64B23C26-CCB9-4CD2-9B5D-534F05D6DA6C,39E91EFD-4561-4950-A4E0-8B1ACB8E1C66,BLOCKED,"No dedicated Meshy digit source/runtime asset, registry entry, provenance, per-digit tests, or approved contact sheet exists."
number.nb_typewriter.2,numbers,nb_typewriter,2,nb_typewriter,"Club Shop number inspection; gameplay clues, entries, pencil marks, hand/return motion",App/Views/CosmeticSkinRendering.swift:59-147; App/Views/MainMenu/BookstoreSceneCoordinator.swift:2033-2114,shop selected|shop neighbor|clue|player entry|pencil mark|selected|error|correct,SwiftUI Text/font glyph and SceneKit SCNText merchandise; current generic shop glyph leaf is folded into this required per-digit row.,font-glyph:nb_typewriter.2,"Dedicated Meshy digit 2 asset for nb_typewriter, with shop/gameplay LODs from one lineage.",true,true,arrival|return|style effect when applicable,Readable static pose; effect motion pauses without font fallback.,CONTRACT-001|MOCKUP-BOOKSTORE-001|MOCKUP-BOOKSTORE-002,,,,,,,,,,,,0,,,,,,,,,,App/Views/MainMenu/BookstoreSceneCoordinator.swift:2033-2114,App/Views/CosmeticSkinRendering.swift:59-147,,,BASE-GAMEPLAY-COMPACT|BASE-GAMEPLAY-STANDARD|BASE-GAMEPLAY-LARGEST,64B23C26-CCB9-4CD2-9B5D-534F05D6DA6C,39E91EFD-4561-4950-A4E0-8B1ACB8E1C66,BLOCKED,"No dedicated Meshy digit source/runtime asset, registry entry, provenance, per-digit tests, or approved contact sheet exists."
number.nb_typewriter.3,numbers,nb_typewriter,3,nb_typewriter,"Club Shop number inspection; gameplay clues, entries, pencil marks, hand/return motion",App/Views/CosmeticSkinRendering.swift:59-147; App/Views/MainMenu/BookstoreSceneCoordinator.swift:2033-2114,shop selected|shop neighbor|clue|player entry|pencil mark|selected|error|correct,SwiftUI Text/font glyph and SceneKit SCNText merchandise; current generic shop glyph leaf is folded into this required per-digit row.,font-glyph:nb_typewriter.3,"Dedicated Meshy digit 3 asset for nb_typewriter, with shop/gameplay LODs from one lineage.",true,true,arrival|return|style effect when applicable,Readable static pose; effect motion pauses without font fallback.,CONTRACT-001|MOCKUP-BOOKSTORE-001|MOCKUP-BOOKSTORE-002,,,,,,,,,,,,0,,,,,,,,,,App/Views/MainMenu/BookstoreSceneCoordinator.swift:2033-2114,App/Views/CosmeticSkinRendering.swift:59-147,,,BASE-GAMEPLAY-COMPACT|BASE-GAMEPLAY-STANDARD|BASE-GAMEPLAY-LARGEST,64B23C26-CCB9-4CD2-9B5D-534F05D6DA6C,39E91EFD-4561-4950-A4E0-8B1ACB8E1C66,BLOCKED,"No dedicated Meshy digit source/runtime asset, registry entry, provenance, per-digit tests, or approved contact sheet exists."
number.nb_typewriter.4,numbers,nb_typewriter,4,nb_typewriter,"Club Shop number inspection; gameplay clues, entries, pencil marks, hand/return motion",App/Views/CosmeticSkinRendering.swift:59-147; App/Views/MainMenu/BookstoreSceneCoordinator.swift:2033-2114,shop selected|shop neighbor|clue|player entry|pencil mark|selected|error|correct,SwiftUI Text/font glyph and SceneKit SCNText merchandise; current generic shop glyph leaf is folded into this required per-digit row.,font-glyph:nb_typewriter.4,"Dedicated Meshy digit 4 asset for nb_typewriter, with shop/gameplay LODs from one lineage.",true,true,arrival|return|style effect when applicable,Readable static pose; effect motion pauses without font fallback.,CONTRACT-001|MOCKUP-BOOKSTORE-001|MOCKUP-BOOKSTORE-002,,,,,,,,,,,,0,,,,,,,,,,App/Views/MainMenu/BookstoreSceneCoordinator.swift:2033-2114,App/Views/CosmeticSkinRendering.swift:59-147,,,BASE-GAMEPLAY-COMPACT|BASE-GAMEPLAY-STANDARD|BASE-GAMEPLAY-LARGEST,64B23C26-CCB9-4CD2-9B5D-534F05D6DA6C,39E91EFD-4561-4950-A4E0-8B1ACB8E1C66,BLOCKED,"No dedicated Meshy digit source/runtime asset, registry entry, provenance, per-digit tests, or approved contact sheet exists."
number.nb_typewriter.5,numbers,nb_typewriter,5,nb_typewriter,"Club Shop number inspection; gameplay clues, entries, pencil marks, hand/return motion",App/Views/CosmeticSkinRendering.swift:59-147; App/Views/MainMenu/BookstoreSceneCoordinator.swift:2033-2114,shop selected|shop neighbor|clue|player entry|pencil mark|selected|error|correct,SwiftUI Text/font glyph and SceneKit SCNText merchandise; current generic shop glyph leaf is folded into this required per-digit row.,font-glyph:nb_typewriter.5,"Dedicated Meshy digit 5 asset for nb_typewriter, with shop/gameplay LODs from one lineage.",true,true,arrival|return|style effect when applicable,Readable static pose; effect motion pauses without font fallback.,CONTRACT-001|MOCKUP-BOOKSTORE-001|MOCKUP-BOOKSTORE-002,,,,,,,,,,,,0,,,,,,,,,,App/Views/MainMenu/BookstoreSceneCoordinator.swift:2033-2114,App/Views/CosmeticSkinRendering.swift:59-147,,,BASE-GAMEPLAY-COMPACT|BASE-GAMEPLAY-STANDARD|BASE-GAMEPLAY-LARGEST,64B23C26-CCB9-4CD2-9B5D-534F05D6DA6C,39E91EFD-4561-4950-A4E0-8B1ACB8E1C66,BLOCKED,"No dedicated Meshy digit source/runtime asset, registry entry, provenance, per-digit tests, or approved contact sheet exists."
number.nb_typewriter.6,numbers,nb_typewriter,6,nb_typewriter,"Club Shop number inspection; gameplay clues, entries, pencil marks, hand/return motion",App/Views/CosmeticSkinRendering.swift:59-147; App/Views/MainMenu/BookstoreSceneCoordinator.swift:2033-2114,shop selected|shop neighbor|clue|player entry|pencil mark|selected|error|correct,SwiftUI Text/font glyph and SceneKit SCNText merchandise; current generic shop glyph leaf is folded into this required per-digit row.,font-glyph:nb_typewriter.6,"Dedicated Meshy digit 6 asset for nb_typewriter, with shop/gameplay LODs from one lineage.",true,true,arrival|return|style effect when applicable,Readable static pose; effect motion pauses without font fallback.,CONTRACT-001|MOCKUP-BOOKSTORE-001|MOCKUP-BOOKSTORE-002,,,,,,,,,,,,0,,,,,,,,,,App/Views/MainMenu/BookstoreSceneCoordinator.swift:2033-2114,App/Views/CosmeticSkinRendering.swift:59-147,,,BASE-GAMEPLAY-COMPACT|BASE-GAMEPLAY-STANDARD|BASE-GAMEPLAY-LARGEST,64B23C26-CCB9-4CD2-9B5D-534F05D6DA6C,39E91EFD-4561-4950-A4E0-8B1ACB8E1C66,BLOCKED,"No dedicated Meshy digit source/runtime asset, registry entry, provenance, per-digit tests, or approved contact sheet exists."
number.nb_typewriter.7,numbers,nb_typewriter,7,nb_typewriter,"Club Shop number inspection; gameplay clues, entries, pencil marks, hand/return motion",App/Views/CosmeticSkinRendering.swift:59-147; App/Views/MainMenu/BookstoreSceneCoordinator.swift:2033-2114,shop selected|shop neighbor|clue|player entry|pencil mark|selected|error|correct,SwiftUI Text/font glyph and SceneKit SCNText merchandise; current generic shop glyph leaf is folded into this required per-digit row.,font-glyph:nb_typewriter.7,"Dedicated Meshy digit 7 asset for nb_typewriter, with shop/gameplay LODs from one lineage.",true,true,arrival|return|style effect when applicable,Readable static pose; effect motion pauses without font fallback.,CONTRACT-001|MOCKUP-BOOKSTORE-001|MOCKUP-BOOKSTORE-002,,,,,,,,,,,,0,,,,,,,,,,App/Views/MainMenu/BookstoreSceneCoordinator.swift:2033-2114,App/Views/CosmeticSkinRendering.swift:59-147,,,BASE-GAMEPLAY-COMPACT|BASE-GAMEPLAY-STANDARD|BASE-GAMEPLAY-LARGEST,64B23C26-CCB9-4CD2-9B5D-534F05D6DA6C,39E91EFD-4561-4950-A4E0-8B1ACB8E1C66,BLOCKED,"No dedicated Meshy digit source/runtime asset, registry entry, provenance, per-digit tests, or approved contact sheet exists."
number.nb_typewriter.8,numbers,nb_typewriter,8,nb_typewriter,"Club Shop number inspection; gameplay clues, entries, pencil marks, hand/return motion",App/Views/CosmeticSkinRendering.swift:59-147; App/Views/MainMenu/BookstoreSceneCoordinator.swift:2033-2114,shop selected|shop neighbor|clue|player entry|pencil mark|selected|error|correct,SwiftUI Text/font glyph and SceneKit SCNText merchandise; current generic shop glyph leaf is folded into this required per-digit row.,font-glyph:nb_typewriter.8,"Dedicated Meshy digit 8 asset for nb_typewriter, with shop/gameplay LODs from one lineage.",true,true,arrival|return|style effect when applicable,Readable static pose; effect motion pauses without font fallback.,CONTRACT-001|MOCKUP-BOOKSTORE-001|MOCKUP-BOOKSTORE-002,,,,,,,,,,,,0,,,,,,,,,,App/Views/MainMenu/BookstoreSceneCoordinator.swift:2033-2114,App/Views/CosmeticSkinRendering.swift:59-147,,,BASE-GAMEPLAY-COMPACT|BASE-GAMEPLAY-STANDARD|BASE-GAMEPLAY-LARGEST,64B23C26-CCB9-4CD2-9B5D-534F05D6DA6C,39E91EFD-4561-4950-A4E0-8B1ACB8E1C66,BLOCKED,"No dedicated Meshy digit source/runtime asset, registry entry, provenance, per-digit tests, or approved contact sheet exists."
number.nb_typewriter.9,numbers,nb_typewriter,9,nb_typewriter,"Club Shop number inspection; gameplay clues, entries, pencil marks, hand/return motion",App/Views/CosmeticSkinRendering.swift:59-147; App/Views/MainMenu/BookstoreSceneCoordinator.swift:2033-2114,shop selected|shop neighbor|clue|player entry|pencil mark|selected|error|correct,SwiftUI Text/font glyph and SceneKit SCNText merchandise; current generic shop glyph leaf is folded into this required per-digit row.,font-glyph:nb_typewriter.9,"Dedicated Meshy digit 9 asset for nb_typewriter, with shop/gameplay LODs from one lineage.",true,true,arrival|return|style effect when applicable,Readable static pose; effect motion pauses without font fallback.,CONTRACT-001|MOCKUP-BOOKSTORE-001|MOCKUP-BOOKSTORE-002,,,,,,,,,,,,0,,,,,,,,,,App/Views/MainMenu/BookstoreSceneCoordinator.swift:2033-2114,App/Views/CosmeticSkinRendering.swift:59-147,,,BASE-GAMEPLAY-COMPACT|BASE-GAMEPLAY-STANDARD|BASE-GAMEPLAY-LARGEST,64B23C26-CCB9-4CD2-9B5D-534F05D6DA6C,39E91EFD-4561-4950-A4E0-8B1ACB8E1C66,BLOCKED,"No dedicated Meshy digit source/runtime asset, registry entry, provenance, per-digit tests, or approved contact sheet exists."
number.nb_schoolbook.1,numbers,nb_schoolbook,1,nb_schoolbook,"Club Shop number inspection; gameplay clues, entries, pencil marks, hand/return motion",App/Views/CosmeticSkinRendering.swift:59-147; App/Views/MainMenu/BookstoreSceneCoordinator.swift:2033-2114,shop selected|shop neighbor|clue|player entry|pencil mark|selected|error|correct,SwiftUI Text/font glyph and SceneKit SCNText merchandise; current generic shop glyph leaf is folded into this required per-digit row.,font-glyph:nb_schoolbook.1,"Dedicated Meshy digit 1 asset for nb_schoolbook, with shop/gameplay LODs from one lineage.",true,true,arrival|return|style effect when applicable,Readable static pose; effect motion pauses without font fallback.,CONTRACT-001|MOCKUP-BOOKSTORE-001|MOCKUP-BOOKSTORE-002,,,,,,,,,,,,0,,,,,,,,,,App/Views/MainMenu/BookstoreSceneCoordinator.swift:2033-2114,App/Views/CosmeticSkinRendering.swift:59-147,,,BASE-GAMEPLAY-COMPACT|BASE-GAMEPLAY-STANDARD|BASE-GAMEPLAY-LARGEST,64B23C26-CCB9-4CD2-9B5D-534F05D6DA6C,39E91EFD-4561-4950-A4E0-8B1ACB8E1C66,BLOCKED,"No dedicated Meshy digit source/runtime asset, registry entry, provenance, per-digit tests, or approved contact sheet exists."
number.nb_schoolbook.2,numbers,nb_schoolbook,2,nb_schoolbook,"Club Shop number inspection; gameplay clues, entries, pencil marks, hand/return motion",App/Views/CosmeticSkinRendering.swift:59-147; App/Views/MainMenu/BookstoreSceneCoordinator.swift:2033-2114,shop selected|shop neighbor|clue|player entry|pencil mark|selected|error|correct,SwiftUI Text/font glyph and SceneKit SCNText merchandise; current generic shop glyph leaf is folded into this required per-digit row.,font-glyph:nb_schoolbook.2,"Dedicated Meshy digit 2 asset for nb_schoolbook, with shop/gameplay LODs from one lineage.",true,true,arrival|return|style effect when applicable,Readable static pose; effect motion pauses without font fallback.,CONTRACT-001|MOCKUP-BOOKSTORE-001|MOCKUP-BOOKSTORE-002,,,,,,,,,,,,0,,,,,,,,,,App/Views/MainMenu/BookstoreSceneCoordinator.swift:2033-2114,App/Views/CosmeticSkinRendering.swift:59-147,,,BASE-GAMEPLAY-COMPACT|BASE-GAMEPLAY-STANDARD|BASE-GAMEPLAY-LARGEST,64B23C26-CCB9-4CD2-9B5D-534F05D6DA6C,39E91EFD-4561-4950-A4E0-8B1ACB8E1C66,BLOCKED,"No dedicated Meshy digit source/runtime asset, registry entry, provenance, per-digit tests, or approved contact sheet exists."
number.nb_schoolbook.3,numbers,nb_schoolbook,3,nb_schoolbook,"Club Shop number inspection; gameplay clues, entries, pencil marks, hand/return motion",App/Views/CosmeticSkinRendering.swift:59-147; App/Views/MainMenu/BookstoreSceneCoordinator.swift:2033-2114,shop selected|shop neighbor|clue|player entry|pencil mark|selected|error|correct,SwiftUI Text/font glyph and SceneKit SCNText merchandise; current generic shop glyph leaf is folded into this required per-digit row.,font-glyph:nb_schoolbook.3,"Dedicated Meshy digit 3 asset for nb_schoolbook, with shop/gameplay LODs from one lineage.",true,true,arrival|return|style effect when applicable,Readable static pose; effect motion pauses without font fallback.,CONTRACT-001|MOCKUP-BOOKSTORE-001|MOCKUP-BOOKSTORE-002,,,,,,,,,,,,0,,,,,,,,,,App/Views/MainMenu/BookstoreSceneCoordinator.swift:2033-2114,App/Views/CosmeticSkinRendering.swift:59-147,,,BASE-GAMEPLAY-COMPACT|BASE-GAMEPLAY-STANDARD|BASE-GAMEPLAY-LARGEST,64B23C26-CCB9-4CD2-9B5D-534F05D6DA6C,39E91EFD-4561-4950-A4E0-8B1ACB8E1C66,BLOCKED,"No dedicated Meshy digit source/runtime asset, registry entry, provenance, per-digit tests, or approved contact sheet exists."
number.nb_schoolbook.4,numbers,nb_schoolbook,4,nb_schoolbook,"Club Shop number inspection; gameplay clues, entries, pencil marks, hand/return motion",App/Views/CosmeticSkinRendering.swift:59-147; App/Views/MainMenu/BookstoreSceneCoordinator.swift:2033-2114,shop selected|shop neighbor|clue|player entry|pencil mark|selected|error|correct,SwiftUI Text/font glyph and SceneKit SCNText merchandise; current generic shop glyph leaf is folded into this required per-digit row.,font-glyph:nb_schoolbook.4,"Dedicated Meshy digit 4 asset for nb_schoolbook, with shop/gameplay LODs from one lineage.",true,true,arrival|return|style effect when applicable,Readable static pose; effect motion pauses without font fallback.,CONTRACT-001|MOCKUP-BOOKSTORE-001|MOCKUP-BOOKSTORE-002,,,,,,,,,,,,0,,,,,,,,,,App/Views/MainMenu/BookstoreSceneCoordinator.swift:2033-2114,App/Views/CosmeticSkinRendering.swift:59-147,,,BASE-GAMEPLAY-COMPACT|BASE-GAMEPLAY-STANDARD|BASE-GAMEPLAY-LARGEST,64B23C26-CCB9-4CD2-9B5D-534F05D6DA6C,39E91EFD-4561-4950-A4E0-8B1ACB8E1C66,BLOCKED,"No dedicated Meshy digit source/runtime asset, registry entry, provenance, per-digit tests, or approved contact sheet exists."
number.nb_schoolbook.5,numbers,nb_schoolbook,5,nb_schoolbook,"Club Shop number inspection; gameplay clues, entries, pencil marks, hand/return motion",App/Views/CosmeticSkinRendering.swift:59-147; App/Views/MainMenu/BookstoreSceneCoordinator.swift:2033-2114,shop selected|shop neighbor|clue|player entry|pencil mark|selected|error|correct,SwiftUI Text/font glyph and SceneKit SCNText merchandise; current generic shop glyph leaf is folded into this required per-digit row.,font-glyph:nb_schoolbook.5,"Dedicated Meshy digit 5 asset for nb_schoolbook, with shop/gameplay LODs from one lineage.",true,true,arrival|return|style effect when applicable,Readable static pose; effect motion pauses without font fallback.,CONTRACT-001|MOCKUP-BOOKSTORE-001|MOCKUP-BOOKSTORE-002,,,,,,,,,,,,0,,,,,,,,,,App/Views/MainMenu/BookstoreSceneCoordinator.swift:2033-2114,App/Views/CosmeticSkinRendering.swift:59-147,,,BASE-GAMEPLAY-COMPACT|BASE-GAMEPLAY-STANDARD|BASE-GAMEPLAY-LARGEST,64B23C26-CCB9-4CD2-9B5D-534F05D6DA6C,39E91EFD-4561-4950-A4E0-8B1ACB8E1C66,BLOCKED,"No dedicated Meshy digit source/runtime asset, registry entry, provenance, per-digit tests, or approved contact sheet exists."
number.nb_schoolbook.6,numbers,nb_schoolbook,6,nb_schoolbook,"Club Shop number inspection; gameplay clues, entries, pencil marks, hand/return motion",App/Views/CosmeticSkinRendering.swift:59-147; App/Views/MainMenu/BookstoreSceneCoordinator.swift:2033-2114,shop selected|shop neighbor|clue|player entry|pencil mark|selected|error|correct,SwiftUI Text/font glyph and SceneKit SCNText merchandise; current generic shop glyph leaf is folded into this required per-digit row.,font-glyph:nb_schoolbook.6,"Dedicated Meshy digit 6 asset for nb_schoolbook, with shop/gameplay LODs from one lineage.",true,true,arrival|return|style effect when applicable,Readable static pose; effect motion pauses without font fallback.,CONTRACT-001|MOCKUP-BOOKSTORE-001|MOCKUP-BOOKSTORE-002,,,,,,,,,,,,0,,,,,,,,,,App/Views/MainMenu/BookstoreSceneCoordinator.swift:2033-2114,App/Views/CosmeticSkinRendering.swift:59-147,,,BASE-GAMEPLAY-COMPACT|BASE-GAMEPLAY-STANDARD|BASE-GAMEPLAY-LARGEST,64B23C26-CCB9-4CD2-9B5D-534F05D6DA6C,39E91EFD-4561-4950-A4E0-8B1ACB8E1C66,BLOCKED,"No dedicated Meshy digit source/runtime asset, registry entry, provenance, per-digit tests, or approved contact sheet exists."
number.nb_schoolbook.7,numbers,nb_schoolbook,7,nb_schoolbook,"Club Shop number inspection; gameplay clues, entries, pencil marks, hand/return motion",App/Views/CosmeticSkinRendering.swift:59-147; App/Views/MainMenu/BookstoreSceneCoordinator.swift:2033-2114,shop selected|shop neighbor|clue|player entry|pencil mark|selected|error|correct,SwiftUI Text/font glyph and SceneKit SCNText merchandise; current generic shop glyph leaf is folded into this required per-digit row.,font-glyph:nb_schoolbook.7,"Dedicated Meshy digit 7 asset for nb_schoolbook, with shop/gameplay LODs from one lineage.",true,true,arrival|return|style effect when applicable,Readable static pose; effect motion pauses without font fallback.,CONTRACT-001|MOCKUP-BOOKSTORE-001|MOCKUP-BOOKSTORE-002,,,,,,,,,,,,0,,,,,,,,,,App/Views/MainMenu/BookstoreSceneCoordinator.swift:2033-2114,App/Views/CosmeticSkinRendering.swift:59-147,,,BASE-GAMEPLAY-COMPACT|BASE-GAMEPLAY-STANDARD|BASE-GAMEPLAY-LARGEST,64B23C26-CCB9-4CD2-9B5D-534F05D6DA6C,39E91EFD-4561-4950-A4E0-8B1ACB8E1C66,BLOCKED,"No dedicated Meshy digit source/runtime asset, registry entry, provenance, per-digit tests, or approved contact sheet exists."
number.nb_schoolbook.8,numbers,nb_schoolbook,8,nb_schoolbook,"Club Shop number inspection; gameplay clues, entries, pencil marks, hand/return motion",App/Views/CosmeticSkinRendering.swift:59-147; App/Views/MainMenu/BookstoreSceneCoordinator.swift:2033-2114,shop selected|shop neighbor|clue|player entry|pencil mark|selected|error|correct,SwiftUI Text/font glyph and SceneKit SCNText merchandise; current generic shop glyph leaf is folded into this required per-digit row.,font-glyph:nb_schoolbook.8,"Dedicated Meshy digit 8 asset for nb_schoolbook, with shop/gameplay LODs from one lineage.",true,true,arrival|return|style effect when applicable,Readable static pose; effect motion pauses without font fallback.,CONTRACT-001|MOCKUP-BOOKSTORE-001|MOCKUP-BOOKSTORE-002,,,,,,,,,,,,0,,,,,,,,,,App/Views/MainMenu/BookstoreSceneCoordinator.swift:2033-2114,App/Views/CosmeticSkinRendering.swift:59-147,,,BASE-GAMEPLAY-COMPACT|BASE-GAMEPLAY-STANDARD|BASE-GAMEPLAY-LARGEST,64B23C26-CCB9-4CD2-9B5D-534F05D6DA6C,39E91EFD-4561-4950-A4E0-8B1ACB8E1C66,BLOCKED,"No dedicated Meshy digit source/runtime asset, registry entry, provenance, per-digit tests, or approved contact sheet exists."
number.nb_schoolbook.9,numbers,nb_schoolbook,9,nb_schoolbook,"Club Shop number inspection; gameplay clues, entries, pencil marks, hand/return motion",App/Views/CosmeticSkinRendering.swift:59-147; App/Views/MainMenu/BookstoreSceneCoordinator.swift:2033-2114,shop selected|shop neighbor|clue|player entry|pencil mark|selected|error|correct,SwiftUI Text/font glyph and SceneKit SCNText merchandise; current generic shop glyph leaf is folded into this required per-digit row.,font-glyph:nb_schoolbook.9,"Dedicated Meshy digit 9 asset for nb_schoolbook, with shop/gameplay LODs from one lineage.",true,true,arrival|return|style effect when applicable,Readable static pose; effect motion pauses without font fallback.,CONTRACT-001|MOCKUP-BOOKSTORE-001|MOCKUP-BOOKSTORE-002,,,,,,,,,,,,0,,,,,,,,,,App/Views/MainMenu/BookstoreSceneCoordinator.swift:2033-2114,App/Views/CosmeticSkinRendering.swift:59-147,,,BASE-GAMEPLAY-COMPACT|BASE-GAMEPLAY-STANDARD|BASE-GAMEPLAY-LARGEST,64B23C26-CCB9-4CD2-9B5D-534F05D6DA6C,39E91EFD-4561-4950-A4E0-8B1ACB8E1C66,BLOCKED,"No dedicated Meshy digit source/runtime asset, registry entry, provenance, per-digit tests, or approved contact sheet exists."
number.nb_oldstyle.1,numbers,nb_oldstyle,1,nb_oldstyle,"Club Shop number inspection; gameplay clues, entries, pencil marks, hand/return motion",App/Views/CosmeticSkinRendering.swift:59-147; App/Views/MainMenu/BookstoreSceneCoordinator.swift:2033-2114,shop selected|shop neighbor|clue|player entry|pencil mark|selected|error|correct,SwiftUI Text/font glyph and SceneKit SCNText merchandise; current generic shop glyph leaf is folded into this required per-digit row.,font-glyph:nb_oldstyle.1,"Dedicated Meshy digit 1 asset for nb_oldstyle, with shop/gameplay LODs from one lineage.",true,true,arrival|return|style effect when applicable,Readable static pose; effect motion pauses without font fallback.,CONTRACT-001|MOCKUP-BOOKSTORE-001|MOCKUP-BOOKSTORE-002,,,,,,,,,,,,0,,,,,,,,,,App/Views/MainMenu/BookstoreSceneCoordinator.swift:2033-2114,App/Views/CosmeticSkinRendering.swift:59-147,,,BASE-GAMEPLAY-COMPACT|BASE-GAMEPLAY-STANDARD|BASE-GAMEPLAY-LARGEST,64B23C26-CCB9-4CD2-9B5D-534F05D6DA6C,39E91EFD-4561-4950-A4E0-8B1ACB8E1C66,BLOCKED,"No dedicated Meshy digit source/runtime asset, registry entry, provenance, per-digit tests, or approved contact sheet exists."
number.nb_oldstyle.2,numbers,nb_oldstyle,2,nb_oldstyle,"Club Shop number inspection; gameplay clues, entries, pencil marks, hand/return motion",App/Views/CosmeticSkinRendering.swift:59-147; App/Views/MainMenu/BookstoreSceneCoordinator.swift:2033-2114,shop selected|shop neighbor|clue|player entry|pencil mark|selected|error|correct,SwiftUI Text/font glyph and SceneKit SCNText merchandise; current generic shop glyph leaf is folded into this required per-digit row.,font-glyph:nb_oldstyle.2,"Dedicated Meshy digit 2 asset for nb_oldstyle, with shop/gameplay LODs from one lineage.",true,true,arrival|return|style effect when applicable,Readable static pose; effect motion pauses without font fallback.,CONTRACT-001|MOCKUP-BOOKSTORE-001|MOCKUP-BOOKSTORE-002,,,,,,,,,,,,0,,,,,,,,,,App/Views/MainMenu/BookstoreSceneCoordinator.swift:2033-2114,App/Views/CosmeticSkinRendering.swift:59-147,,,BASE-GAMEPLAY-COMPACT|BASE-GAMEPLAY-STANDARD|BASE-GAMEPLAY-LARGEST,64B23C26-CCB9-4CD2-9B5D-534F05D6DA6C,39E91EFD-4561-4950-A4E0-8B1ACB8E1C66,BLOCKED,"No dedicated Meshy digit source/runtime asset, registry entry, provenance, per-digit tests, or approved contact sheet exists."
number.nb_oldstyle.3,numbers,nb_oldstyle,3,nb_oldstyle,"Club Shop number inspection; gameplay clues, entries, pencil marks, hand/return motion",App/Views/CosmeticSkinRendering.swift:59-147; App/Views/MainMenu/BookstoreSceneCoordinator.swift:2033-2114,shop selected|shop neighbor|clue|player entry|pencil mark|selected|error|correct,SwiftUI Text/font glyph and SceneKit SCNText merchandise; current generic shop glyph leaf is folded into this required per-digit row.,font-glyph:nb_oldstyle.3,"Dedicated Meshy digit 3 asset for nb_oldstyle, with shop/gameplay LODs from one lineage.",true,true,arrival|return|style effect when applicable,Readable static pose; effect motion pauses without font fallback.,CONTRACT-001|MOCKUP-BOOKSTORE-001|MOCKUP-BOOKSTORE-002,,,,,,,,,,,,0,,,,,,,,,,App/Views/MainMenu/BookstoreSceneCoordinator.swift:2033-2114,App/Views/CosmeticSkinRendering.swift:59-147,,,BASE-GAMEPLAY-COMPACT|BASE-GAMEPLAY-STANDARD|BASE-GAMEPLAY-LARGEST,64B23C26-CCB9-4CD2-9B5D-534F05D6DA6C,39E91EFD-4561-4950-A4E0-8B1ACB8E1C66,BLOCKED,"No dedicated Meshy digit source/runtime asset, registry entry, provenance, per-digit tests, or approved contact sheet exists."
number.nb_oldstyle.4,numbers,nb_oldstyle,4,nb_oldstyle,"Club Shop number inspection; gameplay clues, entries, pencil marks, hand/return motion",App/Views/CosmeticSkinRendering.swift:59-147; App/Views/MainMenu/BookstoreSceneCoordinator.swift:2033-2114,shop selected|shop neighbor|clue|player entry|pencil mark|selected|error|correct,SwiftUI Text/font glyph and SceneKit SCNText merchandise; current generic shop glyph leaf is folded into this required per-digit row.,font-glyph:nb_oldstyle.4,"Dedicated Meshy digit 4 asset for nb_oldstyle, with shop/gameplay LODs from one lineage.",true,true,arrival|return|style effect when applicable,Readable static pose; effect motion pauses without font fallback.,CONTRACT-001|MOCKUP-BOOKSTORE-001|MOCKUP-BOOKSTORE-002,,,,,,,,,,,,0,,,,,,,,,,App/Views/MainMenu/BookstoreSceneCoordinator.swift:2033-2114,App/Views/CosmeticSkinRendering.swift:59-147,,,BASE-GAMEPLAY-COMPACT|BASE-GAMEPLAY-STANDARD|BASE-GAMEPLAY-LARGEST,64B23C26-CCB9-4CD2-9B5D-534F05D6DA6C,39E91EFD-4561-4950-A4E0-8B1ACB8E1C66,BLOCKED,"No dedicated Meshy digit source/runtime asset, registry entry, provenance, per-digit tests, or approved contact sheet exists."
number.nb_oldstyle.5,numbers,nb_oldstyle,5,nb_oldstyle,"Club Shop number inspection; gameplay clues, entries, pencil marks, hand/return motion",App/Views/CosmeticSkinRendering.swift:59-147; App/Views/MainMenu/BookstoreSceneCoordinator.swift:2033-2114,shop selected|shop neighbor|clue|player entry|pencil mark|selected|error|correct,SwiftUI Text/font glyph and SceneKit SCNText merchandise; current generic shop glyph leaf is folded into this required per-digit row.,font-glyph:nb_oldstyle.5,"Dedicated Meshy digit 5 asset for nb_oldstyle, with shop/gameplay LODs from one lineage.",true,true,arrival|return|style effect when applicable,Readable static pose; effect motion pauses without font fallback.,CONTRACT-001|MOCKUP-BOOKSTORE-001|MOCKUP-BOOKSTORE-002,,,,,,,,,,,,0,,,,,,,,,,App/Views/MainMenu/BookstoreSceneCoordinator.swift:2033-2114,App/Views/CosmeticSkinRendering.swift:59-147,,,BASE-GAMEPLAY-COMPACT|BASE-GAMEPLAY-STANDARD|BASE-GAMEPLAY-LARGEST,64B23C26-CCB9-4CD2-9B5D-534F05D6DA6C,39E91EFD-4561-4950-A4E0-8B1ACB8E1C66,BLOCKED,"No dedicated Meshy digit source/runtime asset, registry entry, provenance, per-digit tests, or approved contact sheet exists."
number.nb_oldstyle.6,numbers,nb_oldstyle,6,nb_oldstyle,"Club Shop number inspection; gameplay clues, entries, pencil marks, hand/return motion",App/Views/CosmeticSkinRendering.swift:59-147; App/Views/MainMenu/BookstoreSceneCoordinator.swift:2033-2114,shop selected|shop neighbor|clue|player entry|pencil mark|selected|error|correct,SwiftUI Text/font glyph and SceneKit SCNText merchandise; current generic shop glyph leaf is folded into this required per-digit row.,font-glyph:nb_oldstyle.6,"Dedicated Meshy digit 6 asset for nb_oldstyle, with shop/gameplay LODs from one lineage.",true,true,arrival|return|style effect when applicable,Readable static pose; effect motion pauses without font fallback.,CONTRACT-001|MOCKUP-BOOKSTORE-001|MOCKUP-BOOKSTORE-002,,,,,,,,,,,,0,,,,,,,,,,App/Views/MainMenu/BookstoreSceneCoordinator.swift:2033-2114,App/Views/CosmeticSkinRendering.swift:59-147,,,BASE-GAMEPLAY-COMPACT|BASE-GAMEPLAY-STANDARD|BASE-GAMEPLAY-LARGEST,64B23C26-CCB9-4CD2-9B5D-534F05D6DA6C,39E91EFD-4561-4950-A4E0-8B1ACB8E1C66,BLOCKED,"No dedicated Meshy digit source/runtime asset, registry entry, provenance, per-digit tests, or approved contact sheet exists."
number.nb_oldstyle.7,numbers,nb_oldstyle,7,nb_oldstyle,"Club Shop number inspection; gameplay clues, entries, pencil marks, hand/return motion",App/Views/CosmeticSkinRendering.swift:59-147; App/Views/MainMenu/BookstoreSceneCoordinator.swift:2033-2114,shop selected|shop neighbor|clue|player entry|pencil mark|selected|error|correct,SwiftUI Text/font glyph and SceneKit SCNText merchandise; current generic shop glyph leaf is folded into this required per-digit row.,font-glyph:nb_oldstyle.7,"Dedicated Meshy digit 7 asset for nb_oldstyle, with shop/gameplay LODs from one lineage.",true,true,arrival|return|style effect when applicable,Readable static pose; effect motion pauses without font fallback.,CONTRACT-001|MOCKUP-BOOKSTORE-001|MOCKUP-BOOKSTORE-002,,,,,,,,,,,,0,,,,,,,,,,App/Views/MainMenu/BookstoreSceneCoordinator.swift:2033-2114,App/Views/CosmeticSkinRendering.swift:59-147,,,BASE-GAMEPLAY-COMPACT|BASE-GAMEPLAY-STANDARD|BASE-GAMEPLAY-LARGEST,64B23C26-CCB9-4CD2-9B5D-534F05D6DA6C,39E91EFD-4561-4950-A4E0-8B1ACB8E1C66,BLOCKED,"No dedicated Meshy digit source/runtime asset, registry entry, provenance, per-digit tests, or approved contact sheet exists."
number.nb_oldstyle.8,numbers,nb_oldstyle,8,nb_oldstyle,"Club Shop number inspection; gameplay clues, entries, pencil marks, hand/return motion",App/Views/CosmeticSkinRendering.swift:59-147; App/Views/MainMenu/BookstoreSceneCoordinator.swift:2033-2114,shop selected|shop neighbor|clue|player entry|pencil mark|selected|error|correct,SwiftUI Text/font glyph and SceneKit SCNText merchandise; current generic shop glyph leaf is folded into this required per-digit row.,font-glyph:nb_oldstyle.8,"Dedicated Meshy digit 8 asset for nb_oldstyle, with shop/gameplay LODs from one lineage.",true,true,arrival|return|style effect when applicable,Readable static pose; effect motion pauses without font fallback.,CONTRACT-001|MOCKUP-BOOKSTORE-001|MOCKUP-BOOKSTORE-002,,,,,,,,,,,,0,,,,,,,,,,App/Views/MainMenu/BookstoreSceneCoordinator.swift:2033-2114,App/Views/CosmeticSkinRendering.swift:59-147,,,BASE-GAMEPLAY-COMPACT|BASE-GAMEPLAY-STANDARD|BASE-GAMEPLAY-LARGEST,64B23C26-CCB9-4CD2-9B5D-534F05D6DA6C,39E91EFD-4561-4950-A4E0-8B1ACB8E1C66,BLOCKED,"No dedicated Meshy digit source/runtime asset, registry entry, provenance, per-digit tests, or approved contact sheet exists."
number.nb_oldstyle.9,numbers,nb_oldstyle,9,nb_oldstyle,"Club Shop number inspection; gameplay clues, entries, pencil marks, hand/return motion",App/Views/CosmeticSkinRendering.swift:59-147; App/Views/MainMenu/BookstoreSceneCoordinator.swift:2033-2114,shop selected|shop neighbor|clue|player entry|pencil mark|selected|error|correct,SwiftUI Text/font glyph and SceneKit SCNText merchandise; current generic shop glyph leaf is folded into this required per-digit row.,font-glyph:nb_oldstyle.9,"Dedicated Meshy digit 9 asset for nb_oldstyle, with shop/gameplay LODs from one lineage.",true,true,arrival|return|style effect when applicable,Readable static pose; effect motion pauses without font fallback.,CONTRACT-001|MOCKUP-BOOKSTORE-001|MOCKUP-BOOKSTORE-002,,,,,,,,,,,,0,,,,,,,,,,App/Views/MainMenu/BookstoreSceneCoordinator.swift:2033-2114,App/Views/CosmeticSkinRendering.swift:59-147,,,BASE-GAMEPLAY-COMPACT|BASE-GAMEPLAY-STANDARD|BASE-GAMEPLAY-LARGEST,64B23C26-CCB9-4CD2-9B5D-534F05D6DA6C,39E91EFD-4561-4950-A4E0-8B1ACB8E1C66,BLOCKED,"No dedicated Meshy digit source/runtime asset, registry entry, provenance, per-digit tests, or approved contact sheet exists."
number.nb_stencil.1,numbers,nb_stencil,1,nb_stencil,"Club Shop number inspection; gameplay clues, entries, pencil marks, hand/return motion",App/Views/CosmeticSkinRendering.swift:59-147; App/Views/MainMenu/BookstoreSceneCoordinator.swift:2033-2114,shop selected|shop neighbor|clue|player entry|pencil mark|selected|error|correct,SwiftUI Text/font glyph and SceneKit SCNText merchandise; current generic shop glyph leaf is folded into this required per-digit row.,font-glyph:nb_stencil.1,"Dedicated Meshy digit 1 asset for nb_stencil, with shop/gameplay LODs from one lineage.",true,true,arrival|return|style effect when applicable,Readable static pose; effect motion pauses without font fallback.,CONTRACT-001|MOCKUP-BOOKSTORE-001|MOCKUP-BOOKSTORE-002,,,,,,,,,,,,0,,,,,,,,,,App/Views/MainMenu/BookstoreSceneCoordinator.swift:2033-2114,App/Views/CosmeticSkinRendering.swift:59-147,,,BASE-GAMEPLAY-COMPACT|BASE-GAMEPLAY-STANDARD|BASE-GAMEPLAY-LARGEST,64B23C26-CCB9-4CD2-9B5D-534F05D6DA6C,39E91EFD-4561-4950-A4E0-8B1ACB8E1C66,BLOCKED,"No dedicated Meshy digit source/runtime asset, registry entry, provenance, per-digit tests, or approved contact sheet exists."
number.nb_stencil.2,numbers,nb_stencil,2,nb_stencil,"Club Shop number inspection; gameplay clues, entries, pencil marks, hand/return motion",App/Views/CosmeticSkinRendering.swift:59-147; App/Views/MainMenu/BookstoreSceneCoordinator.swift:2033-2114,shop selected|shop neighbor|clue|player entry|pencil mark|selected|error|correct,SwiftUI Text/font glyph and SceneKit SCNText merchandise; current generic shop glyph leaf is folded into this required per-digit row.,font-glyph:nb_stencil.2,"Dedicated Meshy digit 2 asset for nb_stencil, with shop/gameplay LODs from one lineage.",true,true,arrival|return|style effect when applicable,Readable static pose; effect motion pauses without font fallback.,CONTRACT-001|MOCKUP-BOOKSTORE-001|MOCKUP-BOOKSTORE-002,,,,,,,,,,,,0,,,,,,,,,,App/Views/MainMenu/BookstoreSceneCoordinator.swift:2033-2114,App/Views/CosmeticSkinRendering.swift:59-147,,,BASE-GAMEPLAY-COMPACT|BASE-GAMEPLAY-STANDARD|BASE-GAMEPLAY-LARGEST,64B23C26-CCB9-4CD2-9B5D-534F05D6DA6C,39E91EFD-4561-4950-A4E0-8B1ACB8E1C66,BLOCKED,"No dedicated Meshy digit source/runtime asset, registry entry, provenance, per-digit tests, or approved contact sheet exists."
number.nb_stencil.3,numbers,nb_stencil,3,nb_stencil,"Club Shop number inspection; gameplay clues, entries, pencil marks, hand/return motion",App/Views/CosmeticSkinRendering.swift:59-147; App/Views/MainMenu/BookstoreSceneCoordinator.swift:2033-2114,shop selected|shop neighbor|clue|player entry|pencil mark|selected|error|correct,SwiftUI Text/font glyph and SceneKit SCNText merchandise; current generic shop glyph leaf is folded into this required per-digit row.,font-glyph:nb_stencil.3,"Dedicated Meshy digit 3 asset for nb_stencil, with shop/gameplay LODs from one lineage.",true,true,arrival|return|style effect when applicable,Readable static pose; effect motion pauses without font fallback.,CONTRACT-001|MOCKUP-BOOKSTORE-001|MOCKUP-BOOKSTORE-002,,,,,,,,,,,,0,,,,,,,,,,App/Views/MainMenu/BookstoreSceneCoordinator.swift:2033-2114,App/Views/CosmeticSkinRendering.swift:59-147,,,BASE-GAMEPLAY-COMPACT|BASE-GAMEPLAY-STANDARD|BASE-GAMEPLAY-LARGEST,64B23C26-CCB9-4CD2-9B5D-534F05D6DA6C,39E91EFD-4561-4950-A4E0-8B1ACB8E1C66,BLOCKED,"No dedicated Meshy digit source/runtime asset, registry entry, provenance, per-digit tests, or approved contact sheet exists."
number.nb_stencil.4,numbers,nb_stencil,4,nb_stencil,"Club Shop number inspection; gameplay clues, entries, pencil marks, hand/return motion",App/Views/CosmeticSkinRendering.swift:59-147; App/Views/MainMenu/BookstoreSceneCoordinator.swift:2033-2114,shop selected|shop neighbor|clue|player entry|pencil mark|selected|error|correct,SwiftUI Text/font glyph and SceneKit SCNText merchandise; current generic shop glyph leaf is folded into this required per-digit row.,font-glyph:nb_stencil.4,"Dedicated Meshy digit 4 asset for nb_stencil, with shop/gameplay LODs from one lineage.",true,true,arrival|return|style effect when applicable,Readable static pose; effect motion pauses without font fallback.,CONTRACT-001|MOCKUP-BOOKSTORE-001|MOCKUP-BOOKSTORE-002,,,,,,,,,,,,0,,,,,,,,,,App/Views/MainMenu/BookstoreSceneCoordinator.swift:2033-2114,App/Views/CosmeticSkinRendering.swift:59-147,,,BASE-GAMEPLAY-COMPACT|BASE-GAMEPLAY-STANDARD|BASE-GAMEPLAY-LARGEST,64B23C26-CCB9-4CD2-9B5D-534F05D6DA6C,39E91EFD-4561-4950-A4E0-8B1ACB8E1C66,BLOCKED,"No dedicated Meshy digit source/runtime asset, registry entry, provenance, per-digit tests, or approved contact sheet exists."
number.nb_stencil.5,numbers,nb_stencil,5,nb_stencil,"Club Shop number inspection; gameplay clues, entries, pencil marks, hand/return motion",App/Views/CosmeticSkinRendering.swift:59-147; App/Views/MainMenu/BookstoreSceneCoordinator.swift:2033-2114,shop selected|shop neighbor|clue|player entry|pencil mark|selected|error|correct,SwiftUI Text/font glyph and SceneKit SCNText merchandise; current generic shop glyph leaf is folded into this required per-digit row.,font-glyph:nb_stencil.5,"Dedicated Meshy digit 5 asset for nb_stencil, with shop/gameplay LODs from one lineage.",true,true,arrival|return|style effect when applicable,Readable static pose; effect motion pauses without font fallback.,CONTRACT-001|MOCKUP-BOOKSTORE-001|MOCKUP-BOOKSTORE-002,,,,,,,,,,,,0,,,,,,,,,,App/Views/MainMenu/BookstoreSceneCoordinator.swift:2033-2114,App/Views/CosmeticSkinRendering.swift:59-147,,,BASE-GAMEPLAY-COMPACT|BASE-GAMEPLAY-STANDARD|BASE-GAMEPLAY-LARGEST,64B23C26-CCB9-4CD2-9B5D-534F05D6DA6C,39E91EFD-4561-4950-A4E0-8B1ACB8E1C66,BLOCKED,"No dedicated Meshy digit source/runtime asset, registry entry, provenance, per-digit tests, or approved contact sheet exists."
number.nb_stencil.6,numbers,nb_stencil,6,nb_stencil,"Club Shop number inspection; gameplay clues, entries, pencil marks, hand/return motion",App/Views/CosmeticSkinRendering.swift:59-147; App/Views/MainMenu/BookstoreSceneCoordinator.swift:2033-2114,shop selected|shop neighbor|clue|player entry|pencil mark|selected|error|correct,SwiftUI Text/font glyph and SceneKit SCNText merchandise; current generic shop glyph leaf is folded into this required per-digit row.,font-glyph:nb_stencil.6,"Dedicated Meshy digit 6 asset for nb_stencil, with shop/gameplay LODs from one lineage.",true,true,arrival|return|style effect when applicable,Readable static pose; effect motion pauses without font fallback.,CONTRACT-001|MOCKUP-BOOKSTORE-001|MOCKUP-BOOKSTORE-002,,,,,,,,,,,,0,,,,,,,,,,App/Views/MainMenu/BookstoreSceneCoordinator.swift:2033-2114,App/Views/CosmeticSkinRendering.swift:59-147,,,BASE-GAMEPLAY-COMPACT|BASE-GAMEPLAY-STANDARD|BASE-GAMEPLAY-LARGEST,64B23C26-CCB9-4CD2-9B5D-534F05D6DA6C,39E91EFD-4561-4950-A4E0-8B1ACB8E1C66,BLOCKED,"No dedicated Meshy digit source/runtime asset, registry entry, provenance, per-digit tests, or approved contact sheet exists."
number.nb_stencil.7,numbers,nb_stencil,7,nb_stencil,"Club Shop number inspection; gameplay clues, entries, pencil marks, hand/return motion",App/Views/CosmeticSkinRendering.swift:59-147; App/Views/MainMenu/BookstoreSceneCoordinator.swift:2033-2114,shop selected|shop neighbor|clue|player entry|pencil mark|selected|error|correct,SwiftUI Text/font glyph and SceneKit SCNText merchandise; current generic shop glyph leaf is folded into this required per-digit row.,font-glyph:nb_stencil.7,"Dedicated Meshy digit 7 asset for nb_stencil, with shop/gameplay LODs from one lineage.",true,true,arrival|return|style effect when applicable,Readable static pose; effect motion pauses without font fallback.,CONTRACT-001|MOCKUP-BOOKSTORE-001|MOCKUP-BOOKSTORE-002,,,,,,,,,,,,0,,,,,,,,,,App/Views/MainMenu/BookstoreSceneCoordinator.swift:2033-2114,App/Views/CosmeticSkinRendering.swift:59-147,,,BASE-GAMEPLAY-COMPACT|BASE-GAMEPLAY-STANDARD|BASE-GAMEPLAY-LARGEST,64B23C26-CCB9-4CD2-9B5D-534F05D6DA6C,39E91EFD-4561-4950-A4E0-8B1ACB8E1C66,BLOCKED,"No dedicated Meshy digit source/runtime asset, registry entry, provenance, per-digit tests, or approved contact sheet exists."
number.nb_stencil.8,numbers,nb_stencil,8,nb_stencil,"Club Shop number inspection; gameplay clues, entries, pencil marks, hand/return motion",App/Views/CosmeticSkinRendering.swift:59-147; App/Views/MainMenu/BookstoreSceneCoordinator.swift:2033-2114,shop selected|shop neighbor|clue|player entry|pencil mark|selected|error|correct,SwiftUI Text/font glyph and SceneKit SCNText merchandise; current generic shop glyph leaf is folded into this required per-digit row.,font-glyph:nb_stencil.8,"Dedicated Meshy digit 8 asset for nb_stencil, with shop/gameplay LODs from one lineage.",true,true,arrival|return|style effect when applicable,Readable static pose; effect motion pauses without font fallback.,CONTRACT-001|MOCKUP-BOOKSTORE-001|MOCKUP-BOOKSTORE-002,,,,,,,,,,,,0,,,,,,,,,,App/Views/MainMenu/BookstoreSceneCoordinator.swift:2033-2114,App/Views/CosmeticSkinRendering.swift:59-147,,,BASE-GAMEPLAY-COMPACT|BASE-GAMEPLAY-STANDARD|BASE-GAMEPLAY-LARGEST,64B23C26-CCB9-4CD2-9B5D-534F05D6DA6C,39E91EFD-4561-4950-A4E0-8B1ACB8E1C66,BLOCKED,"No dedicated Meshy digit source/runtime asset, registry entry, provenance, per-digit tests, or approved contact sheet exists."
number.nb_stencil.9,numbers,nb_stencil,9,nb_stencil,"Club Shop number inspection; gameplay clues, entries, pencil marks, hand/return motion",App/Views/CosmeticSkinRendering.swift:59-147; App/Views/MainMenu/BookstoreSceneCoordinator.swift:2033-2114,shop selected|shop neighbor|clue|player entry|pencil mark|selected|error|correct,SwiftUI Text/font glyph and SceneKit SCNText merchandise; current generic shop glyph leaf is folded into this required per-digit row.,font-glyph:nb_stencil.9,"Dedicated Meshy digit 9 asset for nb_stencil, with shop/gameplay LODs from one lineage.",true,true,arrival|return|style effect when applicable,Readable static pose; effect motion pauses without font fallback.,CONTRACT-001|MOCKUP-BOOKSTORE-001|MOCKUP-BOOKSTORE-002,,,,,,,,,,,,0,,,,,,,,,,App/Views/MainMenu/BookstoreSceneCoordinator.swift:2033-2114,App/Views/CosmeticSkinRendering.swift:59-147,,,BASE-GAMEPLAY-COMPACT|BASE-GAMEPLAY-STANDARD|BASE-GAMEPLAY-LARGEST,64B23C26-CCB9-4CD2-9B5D-534F05D6DA6C,39E91EFD-4561-4950-A4E0-8B1ACB8E1C66,BLOCKED,"No dedicated Meshy digit source/runtime asset, registry entry, provenance, per-digit tests, or approved contact sheet exists."
number.nb_neon.1,numbers,nb_neon,1,nb_neon,"Club Shop number inspection; gameplay clues, entries, pencil marks, hand/return motion",App/Views/CosmeticSkinRendering.swift:59-147; App/Views/MainMenu/BookstoreSceneCoordinator.swift:2033-2114,shop selected|shop neighbor|clue|player entry|pencil mark|selected|error|correct,SwiftUI Text/font glyph and SceneKit SCNText merchandise; current generic shop glyph leaf is folded into this required per-digit row.,font-glyph:nb_neon.1,"Dedicated Meshy digit 1 asset for nb_neon, with shop/gameplay LODs from one lineage.",true,true,arrival|return|style effect when applicable,Readable static pose; effect motion pauses without font fallback.,CONTRACT-001|MOCKUP-BOOKSTORE-001|MOCKUP-BOOKSTORE-002,,,,,,,,,,,,0,,,,,,,,,,App/Views/MainMenu/BookstoreSceneCoordinator.swift:2033-2114,App/Views/CosmeticSkinRendering.swift:59-147,,,BASE-GAMEPLAY-COMPACT|BASE-GAMEPLAY-STANDARD|BASE-GAMEPLAY-LARGEST,64B23C26-CCB9-4CD2-9B5D-534F05D6DA6C,39E91EFD-4561-4950-A4E0-8B1ACB8E1C66,BLOCKED,"No dedicated Meshy digit source/runtime asset, registry entry, provenance, per-digit tests, or approved contact sheet exists."
number.nb_neon.2,numbers,nb_neon,2,nb_neon,"Club Shop number inspection; gameplay clues, entries, pencil marks, hand/return motion",App/Views/CosmeticSkinRendering.swift:59-147; App/Views/MainMenu/BookstoreSceneCoordinator.swift:2033-2114,shop selected|shop neighbor|clue|player entry|pencil mark|selected|error|correct,SwiftUI Text/font glyph and SceneKit SCNText merchandise; current generic shop glyph leaf is folded into this required per-digit row.,font-glyph:nb_neon.2,"Dedicated Meshy digit 2 asset for nb_neon, with shop/gameplay LODs from one lineage.",true,true,arrival|return|style effect when applicable,Readable static pose; effect motion pauses without font fallback.,CONTRACT-001|MOCKUP-BOOKSTORE-001|MOCKUP-BOOKSTORE-002,,,,,,,,,,,,0,,,,,,,,,,App/Views/MainMenu/BookstoreSceneCoordinator.swift:2033-2114,App/Views/CosmeticSkinRendering.swift:59-147,,,BASE-GAMEPLAY-COMPACT|BASE-GAMEPLAY-STANDARD|BASE-GAMEPLAY-LARGEST,64B23C26-CCB9-4CD2-9B5D-534F05D6DA6C,39E91EFD-4561-4950-A4E0-8B1ACB8E1C66,BLOCKED,"No dedicated Meshy digit source/runtime asset, registry entry, provenance, per-digit tests, or approved contact sheet exists."
number.nb_neon.3,numbers,nb_neon,3,nb_neon,"Club Shop number inspection; gameplay clues, entries, pencil marks, hand/return motion",App/Views/CosmeticSkinRendering.swift:59-147; App/Views/MainMenu/BookstoreSceneCoordinator.swift:2033-2114,shop selected|shop neighbor|clue|player entry|pencil mark|selected|error|correct,SwiftUI Text/font glyph and SceneKit SCNText merchandise; current generic shop glyph leaf is folded into this required per-digit row.,font-glyph:nb_neon.3,"Dedicated Meshy digit 3 asset for nb_neon, with shop/gameplay LODs from one lineage.",true,true,arrival|return|style effect when applicable,Readable static pose; effect motion pauses without font fallback.,CONTRACT-001|MOCKUP-BOOKSTORE-001|MOCKUP-BOOKSTORE-002,,,,,,,,,,,,0,,,,,,,,,,App/Views/MainMenu/BookstoreSceneCoordinator.swift:2033-2114,App/Views/CosmeticSkinRendering.swift:59-147,,,BASE-GAMEPLAY-COMPACT|BASE-GAMEPLAY-STANDARD|BASE-GAMEPLAY-LARGEST,64B23C26-CCB9-4CD2-9B5D-534F05D6DA6C,39E91EFD-4561-4950-A4E0-8B1ACB8E1C66,BLOCKED,"No dedicated Meshy digit source/runtime asset, registry entry, provenance, per-digit tests, or approved contact sheet exists."
number.nb_neon.4,numbers,nb_neon,4,nb_neon,"Club Shop number inspection; gameplay clues, entries, pencil marks, hand/return motion",App/Views/CosmeticSkinRendering.swift:59-147; App/Views/MainMenu/BookstoreSceneCoordinator.swift:2033-2114,shop selected|shop neighbor|clue|player entry|pencil mark|selected|error|correct,SwiftUI Text/font glyph and SceneKit SCNText merchandise; current generic shop glyph leaf is folded into this required per-digit row.,font-glyph:nb_neon.4,"Dedicated Meshy digit 4 asset for nb_neon, with shop/gameplay LODs from one lineage.",true,true,arrival|return|style effect when applicable,Readable static pose; effect motion pauses without font fallback.,CONTRACT-001|MOCKUP-BOOKSTORE-001|MOCKUP-BOOKSTORE-002,,,,,,,,,,,,0,,,,,,,,,,App/Views/MainMenu/BookstoreSceneCoordinator.swift:2033-2114,App/Views/CosmeticSkinRendering.swift:59-147,,,BASE-GAMEPLAY-COMPACT|BASE-GAMEPLAY-STANDARD|BASE-GAMEPLAY-LARGEST,64B23C26-CCB9-4CD2-9B5D-534F05D6DA6C,39E91EFD-4561-4950-A4E0-8B1ACB8E1C66,BLOCKED,"No dedicated Meshy digit source/runtime asset, registry entry, provenance, per-digit tests, or approved contact sheet exists."
number.nb_neon.5,numbers,nb_neon,5,nb_neon,"Club Shop number inspection; gameplay clues, entries, pencil marks, hand/return motion",App/Views/CosmeticSkinRendering.swift:59-147; App/Views/MainMenu/BookstoreSceneCoordinator.swift:2033-2114,shop selected|shop neighbor|clue|player entry|pencil mark|selected|error|correct,SwiftUI Text/font glyph and SceneKit SCNText merchandise; current generic shop glyph leaf is folded into this required per-digit row.,font-glyph:nb_neon.5,"Dedicated Meshy digit 5 asset for nb_neon, with shop/gameplay LODs from one lineage.",true,true,arrival|return|style effect when applicable,Readable static pose; effect motion pauses without font fallback.,CONTRACT-001|MOCKUP-BOOKSTORE-001|MOCKUP-BOOKSTORE-002,,,,,,,,,,,,0,,,,,,,,,,App/Views/MainMenu/BookstoreSceneCoordinator.swift:2033-2114,App/Views/CosmeticSkinRendering.swift:59-147,,,BASE-GAMEPLAY-COMPACT|BASE-GAMEPLAY-STANDARD|BASE-GAMEPLAY-LARGEST,64B23C26-CCB9-4CD2-9B5D-534F05D6DA6C,39E91EFD-4561-4950-A4E0-8B1ACB8E1C66,BLOCKED,"No dedicated Meshy digit source/runtime asset, registry entry, provenance, per-digit tests, or approved contact sheet exists."
number.nb_neon.6,numbers,nb_neon,6,nb_neon,"Club Shop number inspection; gameplay clues, entries, pencil marks, hand/return motion",App/Views/CosmeticSkinRendering.swift:59-147; App/Views/MainMenu/BookstoreSceneCoordinator.swift:2033-2114,shop selected|shop neighbor|clue|player entry|pencil mark|selected|error|correct,SwiftUI Text/font glyph and SceneKit SCNText merchandise; current generic shop glyph leaf is folded into this required per-digit row.,font-glyph:nb_neon.6,"Dedicated Meshy digit 6 asset for nb_neon, with shop/gameplay LODs from one lineage.",true,true,arrival|return|style effect when applicable,Readable static pose; effect motion pauses without font fallback.,CONTRACT-001|MOCKUP-BOOKSTORE-001|MOCKUP-BOOKSTORE-002,,,,,,,,,,,,0,,,,,,,,,,App/Views/MainMenu/BookstoreSceneCoordinator.swift:2033-2114,App/Views/CosmeticSkinRendering.swift:59-147,,,BASE-GAMEPLAY-COMPACT|BASE-GAMEPLAY-STANDARD|BASE-GAMEPLAY-LARGEST,64B23C26-CCB9-4CD2-9B5D-534F05D6DA6C,39E91EFD-4561-4950-A4E0-8B1ACB8E1C66,BLOCKED,"No dedicated Meshy digit source/runtime asset, registry entry, provenance, per-digit tests, or approved contact sheet exists."
number.nb_neon.7,numbers,nb_neon,7,nb_neon,"Club Shop number inspection; gameplay clues, entries, pencil marks, hand/return motion",App/Views/CosmeticSkinRendering.swift:59-147; App/Views/MainMenu/BookstoreSceneCoordinator.swift:2033-2114,shop selected|shop neighbor|clue|player entry|pencil mark|selected|error|correct,SwiftUI Text/font glyph and SceneKit SCNText merchandise; current generic shop glyph leaf is folded into this required per-digit row.,font-glyph:nb_neon.7,"Dedicated Meshy digit 7 asset for nb_neon, with shop/gameplay LODs from one lineage.",true,true,arrival|return|style effect when applicable,Readable static pose; effect motion pauses without font fallback.,CONTRACT-001|MOCKUP-BOOKSTORE-001|MOCKUP-BOOKSTORE-002,,,,,,,,,,,,0,,,,,,,,,,App/Views/MainMenu/BookstoreSceneCoordinator.swift:2033-2114,App/Views/CosmeticSkinRendering.swift:59-147,,,BASE-GAMEPLAY-COMPACT|BASE-GAMEPLAY-STANDARD|BASE-GAMEPLAY-LARGEST,64B23C26-CCB9-4CD2-9B5D-534F05D6DA6C,39E91EFD-4561-4950-A4E0-8B1ACB8E1C66,BLOCKED,"No dedicated Meshy digit source/runtime asset, registry entry, provenance, per-digit tests, or approved contact sheet exists."
number.nb_neon.8,numbers,nb_neon,8,nb_neon,"Club Shop number inspection; gameplay clues, entries, pencil marks, hand/return motion",App/Views/CosmeticSkinRendering.swift:59-147; App/Views/MainMenu/BookstoreSceneCoordinator.swift:2033-2114,shop selected|shop neighbor|clue|player entry|pencil mark|selected|error|correct,SwiftUI Text/font glyph and SceneKit SCNText merchandise; current generic shop glyph leaf is folded into this required per-digit row.,font-glyph:nb_neon.8,"Dedicated Meshy digit 8 asset for nb_neon, with shop/gameplay LODs from one lineage.",true,true,arrival|return|style effect when applicable,Readable static pose; effect motion pauses without font fallback.,CONTRACT-001|MOCKUP-BOOKSTORE-001|MOCKUP-BOOKSTORE-002,,,,,,,,,,,,0,,,,,,,,,,App/Views/MainMenu/BookstoreSceneCoordinator.swift:2033-2114,App/Views/CosmeticSkinRendering.swift:59-147,,,BASE-GAMEPLAY-COMPACT|BASE-GAMEPLAY-STANDARD|BASE-GAMEPLAY-LARGEST,64B23C26-CCB9-4CD2-9B5D-534F05D6DA6C,39E91EFD-4561-4950-A4E0-8B1ACB8E1C66,BLOCKED,"No dedicated Meshy digit source/runtime asset, registry entry, provenance, per-digit tests, or approved contact sheet exists."
number.nb_neon.9,numbers,nb_neon,9,nb_neon,"Club Shop number inspection; gameplay clues, entries, pencil marks, hand/return motion",App/Views/CosmeticSkinRendering.swift:59-147; App/Views/MainMenu/BookstoreSceneCoordinator.swift:2033-2114,shop selected|shop neighbor|clue|player entry|pencil mark|selected|error|correct,SwiftUI Text/font glyph and SceneKit SCNText merchandise; current generic shop glyph leaf is folded into this required per-digit row.,font-glyph:nb_neon.9,"Dedicated Meshy digit 9 asset for nb_neon, with shop/gameplay LODs from one lineage.",true,true,arrival|return|style effect when applicable,Readable static pose; effect motion pauses without font fallback.,CONTRACT-001|MOCKUP-BOOKSTORE-001|MOCKUP-BOOKSTORE-002,,,,,,,,,,,,0,,,,,,,,,,App/Views/MainMenu/BookstoreSceneCoordinator.swift:2033-2114,App/Views/CosmeticSkinRendering.swift:59-147,,,BASE-GAMEPLAY-COMPACT|BASE-GAMEPLAY-STANDARD|BASE-GAMEPLAY-LARGEST,64B23C26-CCB9-4CD2-9B5D-534F05D6DA6C,39E91EFD-4561-4950-A4E0-8B1ACB8E1C66,BLOCKED,"No dedicated Meshy digit source/runtime asset, registry entry, provenance, per-digit tests, or approved contact sheet exists."
number.nb_laser.1,numbers,nb_laser,1,nb_laser,"Club Shop number inspection; gameplay clues, entries, pencil marks, hand/return motion",App/Views/CosmeticSkinRendering.swift:59-147; App/Views/MainMenu/BookstoreSceneCoordinator.swift:2033-2114,shop selected|shop neighbor|clue|player entry|pencil mark|selected|error|correct,SwiftUI Text/font glyph and SceneKit SCNText merchandise; current generic shop glyph leaf is folded into this required per-digit row.,font-glyph:nb_laser.1,"Dedicated Meshy digit 1 asset for nb_laser, with shop/gameplay LODs from one lineage.",true,true,arrival|return|style effect when applicable,Readable static pose; effect motion pauses without font fallback.,CONTRACT-001|MOCKUP-BOOKSTORE-001|MOCKUP-BOOKSTORE-002,,,,,,,,,,,,0,,,,,,,,,,App/Views/MainMenu/BookstoreSceneCoordinator.swift:2033-2114,App/Views/CosmeticSkinRendering.swift:59-147,,,BASE-GAMEPLAY-COMPACT|BASE-GAMEPLAY-STANDARD|BASE-GAMEPLAY-LARGEST,64B23C26-CCB9-4CD2-9B5D-534F05D6DA6C,39E91EFD-4561-4950-A4E0-8B1ACB8E1C66,BLOCKED,"No dedicated Meshy digit source/runtime asset, registry entry, provenance, per-digit tests, or approved contact sheet exists."
number.nb_laser.2,numbers,nb_laser,2,nb_laser,"Club Shop number inspection; gameplay clues, entries, pencil marks, hand/return motion",App/Views/CosmeticSkinRendering.swift:59-147; App/Views/MainMenu/BookstoreSceneCoordinator.swift:2033-2114,shop selected|shop neighbor|clue|player entry|pencil mark|selected|error|correct,SwiftUI Text/font glyph and SceneKit SCNText merchandise; current generic shop glyph leaf is folded into this required per-digit row.,font-glyph:nb_laser.2,"Dedicated Meshy digit 2 asset for nb_laser, with shop/gameplay LODs from one lineage.",true,true,arrival|return|style effect when applicable,Readable static pose; effect motion pauses without font fallback.,CONTRACT-001|MOCKUP-BOOKSTORE-001|MOCKUP-BOOKSTORE-002,,,,,,,,,,,,0,,,,,,,,,,App/Views/MainMenu/BookstoreSceneCoordinator.swift:2033-2114,App/Views/CosmeticSkinRendering.swift:59-147,,,BASE-GAMEPLAY-COMPACT|BASE-GAMEPLAY-STANDARD|BASE-GAMEPLAY-LARGEST,64B23C26-CCB9-4CD2-9B5D-534F05D6DA6C,39E91EFD-4561-4950-A4E0-8B1ACB8E1C66,BLOCKED,"No dedicated Meshy digit source/runtime asset, registry entry, provenance, per-digit tests, or approved contact sheet exists."
number.nb_laser.3,numbers,nb_laser,3,nb_laser,"Club Shop number inspection; gameplay clues, entries, pencil marks, hand/return motion",App/Views/CosmeticSkinRendering.swift:59-147; App/Views/MainMenu/BookstoreSceneCoordinator.swift:2033-2114,shop selected|shop neighbor|clue|player entry|pencil mark|selected|error|correct,SwiftUI Text/font glyph and SceneKit SCNText merchandise; current generic shop glyph leaf is folded into this required per-digit row.,font-glyph:nb_laser.3,"Dedicated Meshy digit 3 asset for nb_laser, with shop/gameplay LODs from one lineage.",true,true,arrival|return|style effect when applicable,Readable static pose; effect motion pauses without font fallback.,CONTRACT-001|MOCKUP-BOOKSTORE-001|MOCKUP-BOOKSTORE-002,,,,,,,,,,,,0,,,,,,,,,,App/Views/MainMenu/BookstoreSceneCoordinator.swift:2033-2114,App/Views/CosmeticSkinRendering.swift:59-147,,,BASE-GAMEPLAY-COMPACT|BASE-GAMEPLAY-STANDARD|BASE-GAMEPLAY-LARGEST,64B23C26-CCB9-4CD2-9B5D-534F05D6DA6C,39E91EFD-4561-4950-A4E0-8B1ACB8E1C66,BLOCKED,"No dedicated Meshy digit source/runtime asset, registry entry, provenance, per-digit tests, or approved contact sheet exists."
number.nb_laser.4,numbers,nb_laser,4,nb_laser,"Club Shop number inspection; gameplay clues, entries, pencil marks, hand/return motion",App/Views/CosmeticSkinRendering.swift:59-147; App/Views/MainMenu/BookstoreSceneCoordinator.swift:2033-2114,shop selected|shop neighbor|clue|player entry|pencil mark|selected|error|correct,SwiftUI Text/font glyph and SceneKit SCNText merchandise; current generic shop glyph leaf is folded into this required per-digit row.,font-glyph:nb_laser.4,"Dedicated Meshy digit 4 asset for nb_laser, with shop/gameplay LODs from one lineage.",true,true,arrival|return|style effect when applicable,Readable static pose; effect motion pauses without font fallback.,CONTRACT-001|MOCKUP-BOOKSTORE-001|MOCKUP-BOOKSTORE-002,,,,,,,,,,,,0,,,,,,,,,,App/Views/MainMenu/BookstoreSceneCoordinator.swift:2033-2114,App/Views/CosmeticSkinRendering.swift:59-147,,,BASE-GAMEPLAY-COMPACT|BASE-GAMEPLAY-STANDARD|BASE-GAMEPLAY-LARGEST,64B23C26-CCB9-4CD2-9B5D-534F05D6DA6C,39E91EFD-4561-4950-A4E0-8B1ACB8E1C66,BLOCKED,"No dedicated Meshy digit source/runtime asset, registry entry, provenance, per-digit tests, or approved contact sheet exists."
number.nb_laser.5,numbers,nb_laser,5,nb_laser,"Club Shop number inspection; gameplay clues, entries, pencil marks, hand/return motion",App/Views/CosmeticSkinRendering.swift:59-147; App/Views/MainMenu/BookstoreSceneCoordinator.swift:2033-2114,shop selected|shop neighbor|clue|player entry|pencil mark|selected|error|correct,SwiftUI Text/font glyph and SceneKit SCNText merchandise; current generic shop glyph leaf is folded into this required per-digit row.,font-glyph:nb_laser.5,"Dedicated Meshy digit 5 asset for nb_laser, with shop/gameplay LODs from one lineage.",true,true,arrival|return|style effect when applicable,Readable static pose; effect motion pauses without font fallback.,CONTRACT-001|MOCKUP-BOOKSTORE-001|MOCKUP-BOOKSTORE-002,,,,,,,,,,,,0,,,,,,,,,,App/Views/MainMenu/BookstoreSceneCoordinator.swift:2033-2114,App/Views/CosmeticSkinRendering.swift:59-147,,,BASE-GAMEPLAY-COMPACT|BASE-GAMEPLAY-STANDARD|BASE-GAMEPLAY-LARGEST,64B23C26-CCB9-4CD2-9B5D-534F05D6DA6C,39E91EFD-4561-4950-A4E0-8B1ACB8E1C66,BLOCKED,"No dedicated Meshy digit source/runtime asset, registry entry, provenance, per-digit tests, or approved contact sheet exists."
number.nb_laser.6,numbers,nb_laser,6,nb_laser,"Club Shop number inspection; gameplay clues, entries, pencil marks, hand/return motion",App/Views/CosmeticSkinRendering.swift:59-147; App/Views/MainMenu/BookstoreSceneCoordinator.swift:2033-2114,shop selected|shop neighbor|clue|player entry|pencil mark|selected|error|correct,SwiftUI Text/font glyph and SceneKit SCNText merchandise; current generic shop glyph leaf is folded into this required per-digit row.,font-glyph:nb_laser.6,"Dedicated Meshy digit 6 asset for nb_laser, with shop/gameplay LODs from one lineage.",true,true,arrival|return|style effect when applicable,Readable static pose; effect motion pauses without font fallback.,CONTRACT-001|MOCKUP-BOOKSTORE-001|MOCKUP-BOOKSTORE-002,,,,,,,,,,,,0,,,,,,,,,,App/Views/MainMenu/BookstoreSceneCoordinator.swift:2033-2114,App/Views/CosmeticSkinRendering.swift:59-147,,,BASE-GAMEPLAY-COMPACT|BASE-GAMEPLAY-STANDARD|BASE-GAMEPLAY-LARGEST,64B23C26-CCB9-4CD2-9B5D-534F05D6DA6C,39E91EFD-4561-4950-A4E0-8B1ACB8E1C66,BLOCKED,"No dedicated Meshy digit source/runtime asset, registry entry, provenance, per-digit tests, or approved contact sheet exists."
number.nb_laser.7,numbers,nb_laser,7,nb_laser,"Club Shop number inspection; gameplay clues, entries, pencil marks, hand/return motion",App/Views/CosmeticSkinRendering.swift:59-147; App/Views/MainMenu/BookstoreSceneCoordinator.swift:2033-2114,shop selected|shop neighbor|clue|player entry|pencil mark|selected|error|correct,SwiftUI Text/font glyph and SceneKit SCNText merchandise; current generic shop glyph leaf is folded into this required per-digit row.,font-glyph:nb_laser.7,"Dedicated Meshy digit 7 asset for nb_laser, with shop/gameplay LODs from one lineage.",true,true,arrival|return|style effect when applicable,Readable static pose; effect motion pauses without font fallback.,CONTRACT-001|MOCKUP-BOOKSTORE-001|MOCKUP-BOOKSTORE-002,,,,,,,,,,,,0,,,,,,,,,,App/Views/MainMenu/BookstoreSceneCoordinator.swift:2033-2114,App/Views/CosmeticSkinRendering.swift:59-147,,,BASE-GAMEPLAY-COMPACT|BASE-GAMEPLAY-STANDARD|BASE-GAMEPLAY-LARGEST,64B23C26-CCB9-4CD2-9B5D-534F05D6DA6C,39E91EFD-4561-4950-A4E0-8B1ACB8E1C66,BLOCKED,"No dedicated Meshy digit source/runtime asset, registry entry, provenance, per-digit tests, or approved contact sheet exists."
number.nb_laser.8,numbers,nb_laser,8,nb_laser,"Club Shop number inspection; gameplay clues, entries, pencil marks, hand/return motion",App/Views/CosmeticSkinRendering.swift:59-147; App/Views/MainMenu/BookstoreSceneCoordinator.swift:2033-2114,shop selected|shop neighbor|clue|player entry|pencil mark|selected|error|correct,SwiftUI Text/font glyph and SceneKit SCNText merchandise; current generic shop glyph leaf is folded into this required per-digit row.,font-glyph:nb_laser.8,"Dedicated Meshy digit 8 asset for nb_laser, with shop/gameplay LODs from one lineage.",true,true,arrival|return|style effect when applicable,Readable static pose; effect motion pauses without font fallback.,CONTRACT-001|MOCKUP-BOOKSTORE-001|MOCKUP-BOOKSTORE-002,,,,,,,,,,,,0,,,,,,,,,,App/Views/MainMenu/BookstoreSceneCoordinator.swift:2033-2114,App/Views/CosmeticSkinRendering.swift:59-147,,,BASE-GAMEPLAY-COMPACT|BASE-GAMEPLAY-STANDARD|BASE-GAMEPLAY-LARGEST,64B23C26-CCB9-4CD2-9B5D-534F05D6DA6C,39E91EFD-4561-4950-A4E0-8B1ACB8E1C66,BLOCKED,"No dedicated Meshy digit source/runtime asset, registry entry, provenance, per-digit tests, or approved contact sheet exists."
number.nb_laser.9,numbers,nb_laser,9,nb_laser,"Club Shop number inspection; gameplay clues, entries, pencil marks, hand/return motion",App/Views/CosmeticSkinRendering.swift:59-147; App/Views/MainMenu/BookstoreSceneCoordinator.swift:2033-2114,shop selected|shop neighbor|clue|player entry|pencil mark|selected|error|correct,SwiftUI Text/font glyph and SceneKit SCNText merchandise; current generic shop glyph leaf is folded into this required per-digit row.,font-glyph:nb_laser.9,"Dedicated Meshy digit 9 asset for nb_laser, with shop/gameplay LODs from one lineage.",true,true,arrival|return|style effect when applicable,Readable static pose; effect motion pauses without font fallback.,CONTRACT-001|MOCKUP-BOOKSTORE-001|MOCKUP-BOOKSTORE-002,,,,,,,,,,,,0,,,,,,,,,,App/Views/MainMenu/BookstoreSceneCoordinator.swift:2033-2114,App/Views/CosmeticSkinRendering.swift:59-147,,,BASE-GAMEPLAY-COMPACT|BASE-GAMEPLAY-STANDARD|BASE-GAMEPLAY-LARGEST,64B23C26-CCB9-4CD2-9B5D-534F05D6DA6C,39E91EFD-4561-4950-A4E0-8B1ACB8E1C66,BLOCKED,"No dedicated Meshy digit source/runtime asset, registry entry, provenance, per-digit tests, or approved contact sheet exists."
number.nb_flame.1,numbers,nb_flame,1,nb_flame,"Club Shop number inspection; gameplay clues, entries, pencil marks, hand/return motion",App/Views/CosmeticSkinRendering.swift:59-147; App/Views/MainMenu/BookstoreSceneCoordinator.swift:2033-2114,shop selected|shop neighbor|clue|player entry|pencil mark|selected|error|correct,SwiftUI Text/font glyph and SceneKit SCNText merchandise; current generic shop glyph leaf is folded into this required per-digit row.,font-glyph:nb_flame.1,"Dedicated Meshy digit 1 asset for nb_flame, with shop/gameplay LODs from one lineage.",true,true,arrival|return|style effect when applicable,Readable static pose; effect motion pauses without font fallback.,CONTRACT-001|MOCKUP-BOOKSTORE-001|MOCKUP-BOOKSTORE-002,,,,,,,,,,,,0,,,,,,,,,,App/Views/MainMenu/BookstoreSceneCoordinator.swift:2033-2114,App/Views/CosmeticSkinRendering.swift:59-147,,,BASE-GAMEPLAY-COMPACT|BASE-GAMEPLAY-STANDARD|BASE-GAMEPLAY-LARGEST,64B23C26-CCB9-4CD2-9B5D-534F05D6DA6C,39E91EFD-4561-4950-A4E0-8B1ACB8E1C66,BLOCKED,"No dedicated Meshy digit source/runtime asset, registry entry, provenance, per-digit tests, or approved contact sheet exists."
number.nb_flame.2,numbers,nb_flame,2,nb_flame,"Club Shop number inspection; gameplay clues, entries, pencil marks, hand/return motion",App/Views/CosmeticSkinRendering.swift:59-147; App/Views/MainMenu/BookstoreSceneCoordinator.swift:2033-2114,shop selected|shop neighbor|clue|player entry|pencil mark|selected|error|correct,SwiftUI Text/font glyph and SceneKit SCNText merchandise; current generic shop glyph leaf is folded into this required per-digit row.,font-glyph:nb_flame.2,"Dedicated Meshy digit 2 asset for nb_flame, with shop/gameplay LODs from one lineage.",true,true,arrival|return|style effect when applicable,Readable static pose; effect motion pauses without font fallback.,CONTRACT-001|MOCKUP-BOOKSTORE-001|MOCKUP-BOOKSTORE-002,,,,,,,,,,,,0,,,,,,,,,,App/Views/MainMenu/BookstoreSceneCoordinator.swift:2033-2114,App/Views/CosmeticSkinRendering.swift:59-147,,,BASE-GAMEPLAY-COMPACT|BASE-GAMEPLAY-STANDARD|BASE-GAMEPLAY-LARGEST,64B23C26-CCB9-4CD2-9B5D-534F05D6DA6C,39E91EFD-4561-4950-A4E0-8B1ACB8E1C66,BLOCKED,"No dedicated Meshy digit source/runtime asset, registry entry, provenance, per-digit tests, or approved contact sheet exists."
number.nb_flame.3,numbers,nb_flame,3,nb_flame,"Club Shop number inspection; gameplay clues, entries, pencil marks, hand/return motion",App/Views/CosmeticSkinRendering.swift:59-147; App/Views/MainMenu/BookstoreSceneCoordinator.swift:2033-2114,shop selected|shop neighbor|clue|player entry|pencil mark|selected|error|correct,SwiftUI Text/font glyph and SceneKit SCNText merchandise; current generic shop glyph leaf is folded into this required per-digit row.,font-glyph:nb_flame.3,"Dedicated Meshy digit 3 asset for nb_flame, with shop/gameplay LODs from one lineage.",true,true,arrival|return|style effect when applicable,Readable static pose; effect motion pauses without font fallback.,CONTRACT-001|MOCKUP-BOOKSTORE-001|MOCKUP-BOOKSTORE-002,,,,,,,,,,,,0,,,,,,,,,,App/Views/MainMenu/BookstoreSceneCoordinator.swift:2033-2114,App/Views/CosmeticSkinRendering.swift:59-147,,,BASE-GAMEPLAY-COMPACT|BASE-GAMEPLAY-STANDARD|BASE-GAMEPLAY-LARGEST,64B23C26-CCB9-4CD2-9B5D-534F05D6DA6C,39E91EFD-4561-4950-A4E0-8B1ACB8E1C66,BLOCKED,"No dedicated Meshy digit source/runtime asset, registry entry, provenance, per-digit tests, or approved contact sheet exists."
number.nb_flame.4,numbers,nb_flame,4,nb_flame,"Club Shop number inspection; gameplay clues, entries, pencil marks, hand/return motion",App/Views/CosmeticSkinRendering.swift:59-147; App/Views/MainMenu/BookstoreSceneCoordinator.swift:2033-2114,shop selected|shop neighbor|clue|player entry|pencil mark|selected|error|correct,SwiftUI Text/font glyph and SceneKit SCNText merchandise; current generic shop glyph leaf is folded into this required per-digit row.,font-glyph:nb_flame.4,"Dedicated Meshy digit 4 asset for nb_flame, with shop/gameplay LODs from one lineage.",true,true,arrival|return|style effect when applicable,Readable static pose; effect motion pauses without font fallback.,CONTRACT-001|MOCKUP-BOOKSTORE-001|MOCKUP-BOOKSTORE-002,,,,,,,,,,,,0,,,,,,,,,,App/Views/MainMenu/BookstoreSceneCoordinator.swift:2033-2114,App/Views/CosmeticSkinRendering.swift:59-147,,,BASE-GAMEPLAY-COMPACT|BASE-GAMEPLAY-STANDARD|BASE-GAMEPLAY-LARGEST,64B23C26-CCB9-4CD2-9B5D-534F05D6DA6C,39E91EFD-4561-4950-A4E0-8B1ACB8E1C66,BLOCKED,"No dedicated Meshy digit source/runtime asset, registry entry, provenance, per-digit tests, or approved contact sheet exists."
number.nb_flame.5,numbers,nb_flame,5,nb_flame,"Club Shop number inspection; gameplay clues, entries, pencil marks, hand/return motion",App/Views/CosmeticSkinRendering.swift:59-147; App/Views/MainMenu/BookstoreSceneCoordinator.swift:2033-2114,shop selected|shop neighbor|clue|player entry|pencil mark|selected|error|correct,SwiftUI Text/font glyph and SceneKit SCNText merchandise; current generic shop glyph leaf is folded into this required per-digit row.,font-glyph:nb_flame.5,"Dedicated Meshy digit 5 asset for nb_flame, with shop/gameplay LODs from one lineage.",true,true,arrival|return|style effect when applicable,Readable static pose; effect motion pauses without font fallback.,CONTRACT-001|MOCKUP-BOOKSTORE-001|MOCKUP-BOOKSTORE-002,,,,,,,,,,,,0,,,,,,,,,,App/Views/MainMenu/BookstoreSceneCoordinator.swift:2033-2114,App/Views/CosmeticSkinRendering.swift:59-147,,,BASE-GAMEPLAY-COMPACT|BASE-GAMEPLAY-STANDARD|BASE-GAMEPLAY-LARGEST,64B23C26-CCB9-4CD2-9B5D-534F05D6DA6C,39E91EFD-4561-4950-A4E0-8B1ACB8E1C66,BLOCKED,"No dedicated Meshy digit source/runtime asset, registry entry, provenance, per-digit tests, or approved contact sheet exists."
number.nb_flame.6,numbers,nb_flame,6,nb_flame,"Club Shop number inspection; gameplay clues, entries, pencil marks, hand/return motion",App/Views/CosmeticSkinRendering.swift:59-147; App/Views/MainMenu/BookstoreSceneCoordinator.swift:2033-2114,shop selected|shop neighbor|clue|player entry|pencil mark|selected|error|correct,SwiftUI Text/font glyph and SceneKit SCNText merchandise; current generic shop glyph leaf is folded into this required per-digit row.,font-glyph:nb_flame.6,"Dedicated Meshy digit 6 asset for nb_flame, with shop/gameplay LODs from one lineage.",true,true,arrival|return|style effect when applicable,Readable static pose; effect motion pauses without font fallback.,CONTRACT-001|MOCKUP-BOOKSTORE-001|MOCKUP-BOOKSTORE-002,,,,,,,,,,,,0,,,,,,,,,,App/Views/MainMenu/BookstoreSceneCoordinator.swift:2033-2114,App/Views/CosmeticSkinRendering.swift:59-147,,,BASE-GAMEPLAY-COMPACT|BASE-GAMEPLAY-STANDARD|BASE-GAMEPLAY-LARGEST,64B23C26-CCB9-4CD2-9B5D-534F05D6DA6C,39E91EFD-4561-4950-A4E0-8B1ACB8E1C66,BLOCKED,"No dedicated Meshy digit source/runtime asset, registry entry, provenance, per-digit tests, or approved contact sheet exists."
number.nb_flame.7,numbers,nb_flame,7,nb_flame,"Club Shop number inspection; gameplay clues, entries, pencil marks, hand/return motion",App/Views/CosmeticSkinRendering.swift:59-147; App/Views/MainMenu/BookstoreSceneCoordinator.swift:2033-2114,shop selected|shop neighbor|clue|player entry|pencil mark|selected|error|correct,SwiftUI Text/font glyph and SceneKit SCNText merchandise; current generic shop glyph leaf is folded into this required per-digit row.,font-glyph:nb_flame.7,"Dedicated Meshy digit 7 asset for nb_flame, with shop/gameplay LODs from one lineage.",true,true,arrival|return|style effect when applicable,Readable static pose; effect motion pauses without font fallback.,CONTRACT-001|MOCKUP-BOOKSTORE-001|MOCKUP-BOOKSTORE-002,,,,,,,,,,,,0,,,,,,,,,,App/Views/MainMenu/BookstoreSceneCoordinator.swift:2033-2114,App/Views/CosmeticSkinRendering.swift:59-147,,,BASE-GAMEPLAY-COMPACT|BASE-GAMEPLAY-STANDARD|BASE-GAMEPLAY-LARGEST,64B23C26-CCB9-4CD2-9B5D-534F05D6DA6C,39E91EFD-4561-4950-A4E0-8B1ACB8E1C66,BLOCKED,"No dedicated Meshy digit source/runtime asset, registry entry, provenance, per-digit tests, or approved contact sheet exists."
number.nb_flame.8,numbers,nb_flame,8,nb_flame,"Club Shop number inspection; gameplay clues, entries, pencil marks, hand/return motion",App/Views/CosmeticSkinRendering.swift:59-147; App/Views/MainMenu/BookstoreSceneCoordinator.swift:2033-2114,shop selected|shop neighbor|clue|player entry|pencil mark|selected|error|correct,SwiftUI Text/font glyph and SceneKit SCNText merchandise; current generic shop glyph leaf is folded into this required per-digit row.,font-glyph:nb_flame.8,"Dedicated Meshy digit 8 asset for nb_flame, with shop/gameplay LODs from one lineage.",true,true,arrival|return|style effect when applicable,Readable static pose; effect motion pauses without font fallback.,CONTRACT-001|MOCKUP-BOOKSTORE-001|MOCKUP-BOOKSTORE-002,,,,,,,,,,,,0,,,,,,,,,,App/Views/MainMenu/BookstoreSceneCoordinator.swift:2033-2114,App/Views/CosmeticSkinRendering.swift:59-147,,,BASE-GAMEPLAY-COMPACT|BASE-GAMEPLAY-STANDARD|BASE-GAMEPLAY-LARGEST,64B23C26-CCB9-4CD2-9B5D-534F05D6DA6C,39E91EFD-4561-4950-A4E0-8B1ACB8E1C66,BLOCKED,"No dedicated Meshy digit source/runtime asset, registry entry, provenance, per-digit tests, or approved contact sheet exists."
number.nb_flame.9,numbers,nb_flame,9,nb_flame,"Club Shop number inspection; gameplay clues, entries, pencil marks, hand/return motion",App/Views/CosmeticSkinRendering.swift:59-147; App/Views/MainMenu/BookstoreSceneCoordinator.swift:2033-2114,shop selected|shop neighbor|clue|player entry|pencil mark|selected|error|correct,SwiftUI Text/font glyph and SceneKit SCNText merchandise; current generic shop glyph leaf is folded into this required per-digit row.,font-glyph:nb_flame.9,"Dedicated Meshy digit 9 asset for nb_flame, with shop/gameplay LODs from one lineage.",true,true,arrival|return|style effect when applicable,Readable static pose; effect motion pauses without font fallback.,CONTRACT-001|MOCKUP-BOOKSTORE-001|MOCKUP-BOOKSTORE-002,,,,,,,,,,,,0,,,,,,,,,,App/Views/MainMenu/BookstoreSceneCoordinator.swift:2033-2114,App/Views/CosmeticSkinRendering.swift:59-147,,,BASE-GAMEPLAY-COMPACT|BASE-GAMEPLAY-STANDARD|BASE-GAMEPLAY-LARGEST,64B23C26-CCB9-4CD2-9B5D-534F05D6DA6C,39E91EFD-4561-4950-A4E0-8B1ACB8E1C66,BLOCKED,"No dedicated Meshy digit source/runtime asset, registry entry, provenance, per-digit tests, or approved contact sheet exists."
grid.bd_printed,grid,bd_printed,,bd_printed,Club Shop grid inspection and gameplay 9x9 board,App/Views/CosmeticSkinRendering.swift:253-332; App/Views/MainMenu/BookstoreSceneCoordinator.swift:1971-2031,shop selected|shop neighbor|gameplay default|selected cells|error|correct|light/heavy population,SwiftUI Canvas/Path and runtime-generated SceneKit board/rule texture; generic shop board/edge/grid/given stand-ins are folded into this canonical package row.,procedural-grid:bd_printed,"Complete Meshy 9x9 board package bd_printed, shared by shop/gameplay through approved derivatives.",true,true,,Static.,CONTRACT-001|MOCKUP-BOOKSTORE-001|MOCKUP-BOOKSTORE-002,,,,,,,,,,,,0,,,,,,,,,,App/Views/MainMenu/BookstoreSceneCoordinator.swift:1971-2031,App/Views/CosmeticSkinRendering.swift:253-332,,,BASE-GAMEPLAY-COMPACT|BASE-GAMEPLAY-STANDARD|BASE-GAMEPLAY-LARGEST,64B23C26-CCB9-4CD2-9B5D-534F05D6DA6C,39E91EFD-4561-4950-A4E0-8B1ACB8E1C66,BLOCKED,"No complete Meshy grid package, provenance, registry mapping, tests, or approved shop/gameplay contact sheets exist; intrinsic glow remains part of this row."
grid.bd_fine,grid,bd_fine,,bd_fine,Club Shop grid inspection and gameplay 9x9 board,App/Views/CosmeticSkinRendering.swift:253-332; App/Views/MainMenu/BookstoreSceneCoordinator.swift:1971-2031,shop selected|shop neighbor|gameplay default|selected cells|error|correct|light/heavy population,SwiftUI Canvas/Path and runtime-generated SceneKit board/rule texture; generic shop board/edge/grid/given stand-ins are folded into this canonical package row.,procedural-grid:bd_fine,"Complete Meshy 9x9 board package bd_fine, shared by shop/gameplay through approved derivatives.",true,true,,Static.,CONTRACT-001|MOCKUP-BOOKSTORE-001|MOCKUP-BOOKSTORE-002,,,,,,,,,,,,0,,,,,,,,,,App/Views/MainMenu/BookstoreSceneCoordinator.swift:1971-2031,App/Views/CosmeticSkinRendering.swift:253-332,,,BASE-GAMEPLAY-COMPACT|BASE-GAMEPLAY-STANDARD|BASE-GAMEPLAY-LARGEST,64B23C26-CCB9-4CD2-9B5D-534F05D6DA6C,39E91EFD-4561-4950-A4E0-8B1ACB8E1C66,BLOCKED,"No complete Meshy grid package, provenance, registry mapping, tests, or approved shop/gameplay contact sheets exist; intrinsic glow remains part of this row."
grid.bd_heavy,grid,bd_heavy,,bd_heavy,Club Shop grid inspection and gameplay 9x9 board,App/Views/CosmeticSkinRendering.swift:253-332; App/Views/MainMenu/BookstoreSceneCoordinator.swift:1971-2031,shop selected|shop neighbor|gameplay default|selected cells|error|correct|light/heavy population,SwiftUI Canvas/Path and runtime-generated SceneKit board/rule texture; generic shop board/edge/grid/given stand-ins are folded into this canonical package row.,procedural-grid:bd_heavy,"Complete Meshy 9x9 board package bd_heavy, shared by shop/gameplay through approved derivatives.",true,true,,Static.,CONTRACT-001|MOCKUP-BOOKSTORE-001|MOCKUP-BOOKSTORE-002,,,,,,,,,,,,0,,,,,,,,,,App/Views/MainMenu/BookstoreSceneCoordinator.swift:1971-2031,App/Views/CosmeticSkinRendering.swift:253-332,,,BASE-GAMEPLAY-COMPACT|BASE-GAMEPLAY-STANDARD|BASE-GAMEPLAY-LARGEST,64B23C26-CCB9-4CD2-9B5D-534F05D6DA6C,39E91EFD-4561-4950-A4E0-8B1ACB8E1C66,BLOCKED,"No complete Meshy grid package, provenance, registry mapping, tests, or approved shop/gameplay contact sheets exist; intrinsic glow remains part of this row."
grid.bd_sage,grid,bd_sage,,bd_sage,Club Shop grid inspection and gameplay 9x9 board,App/Views/CosmeticSkinRendering.swift:253-332; App/Views/MainMenu/BookstoreSceneCoordinator.swift:1971-2031,shop selected|shop neighbor|gameplay default|selected cells|error|correct|light/heavy population,SwiftUI Canvas/Path and runtime-generated SceneKit board/rule texture; generic shop board/edge/grid/given stand-ins are folded into this canonical package row.,procedural-grid:bd_sage,"Complete Meshy 9x9 board package bd_sage, shared by shop/gameplay through approved derivatives.",true,true,,Static.,CONTRACT-001|MOCKUP-BOOKSTORE-001|MOCKUP-BOOKSTORE-002,,,,,,,,,,,,0,,,,,,,,,,App/Views/MainMenu/BookstoreSceneCoordinator.swift:1971-2031,App/Views/CosmeticSkinRendering.swift:253-332,,,BASE-GAMEPLAY-COMPACT|BASE-GAMEPLAY-STANDARD|BASE-GAMEPLAY-LARGEST,64B23C26-CCB9-4CD2-9B5D-534F05D6DA6C,39E91EFD-4561-4950-A4E0-8B1ACB8E1C66,BLOCKED,"No complete Meshy grid package, provenance, registry mapping, tests, or approved shop/gameplay contact sheets exist; intrinsic glow remains part of this row."
grid.bd_blueprint,grid,bd_blueprint,,bd_blueprint,Club Shop grid inspection and gameplay 9x9 board,App/Views/CosmeticSkinRendering.swift:253-332; App/Views/MainMenu/BookstoreSceneCoordinator.swift:1971-2031,shop selected|shop neighbor|gameplay default|selected cells|error|correct|light/heavy population,SwiftUI Canvas/Path and runtime-generated SceneKit board/rule texture; generic shop board/edge/grid/given stand-ins are folded into this canonical package row.,procedural-grid:bd_blueprint,"Complete Meshy 9x9 board package bd_blueprint, shared by shop/gameplay through approved derivatives.",true,true,,Static.,CONTRACT-001|MOCKUP-BOOKSTORE-001|MOCKUP-BOOKSTORE-002,,,,,,,,,,,,0,,,,,,,,,,App/Views/MainMenu/BookstoreSceneCoordinator.swift:1971-2031,App/Views/CosmeticSkinRendering.swift:253-332,,,BASE-GAMEPLAY-COMPACT|BASE-GAMEPLAY-STANDARD|BASE-GAMEPLAY-LARGEST,64B23C26-CCB9-4CD2-9B5D-534F05D6DA6C,39E91EFD-4561-4950-A4E0-8B1ACB8E1C66,BLOCKED,"No complete Meshy grid package, provenance, registry mapping, tests, or approved shop/gameplay contact sheets exist; intrinsic glow remains part of this row."
grid.bd_gilt,grid,bd_gilt,,bd_gilt,Club Shop grid inspection and gameplay 9x9 board,App/Views/CosmeticSkinRendering.swift:253-332; App/Views/MainMenu/BookstoreSceneCoordinator.swift:1971-2031,shop selected|shop neighbor|gameplay default|selected cells|error|correct|light/heavy population,SwiftUI Canvas/Path and runtime-generated SceneKit board/rule texture; generic shop board/edge/grid/given stand-ins are folded into this canonical package row.,procedural-grid:bd_gilt,"Complete Meshy 9x9 board package bd_gilt, shared by shop/gameplay through approved derivatives.",true,true,,Static.,CONTRACT-001|MOCKUP-BOOKSTORE-001|MOCKUP-BOOKSTORE-002,,,,,,,,,,,,0,,,,,,,,,,App/Views/MainMenu/BookstoreSceneCoordinator.swift:1971-2031,App/Views/CosmeticSkinRendering.swift:253-332,,,BASE-GAMEPLAY-COMPACT|BASE-GAMEPLAY-STANDARD|BASE-GAMEPLAY-LARGEST,64B23C26-CCB9-4CD2-9B5D-534F05D6DA6C,39E91EFD-4561-4950-A4E0-8B1ACB8E1C66,BLOCKED,"No complete Meshy grid package, provenance, registry mapping, tests, or approved shop/gameplay contact sheets exist; intrinsic glow remains part of this row."
grid.bd_laser,grid,bd_laser,,bd_laser,Club Shop grid inspection and gameplay 9x9 board,App/Views/CosmeticSkinRendering.swift:253-332; App/Views/MainMenu/BookstoreSceneCoordinator.swift:1971-2031,shop selected|shop neighbor|gameplay default|selected cells|error|correct|light/heavy population,SwiftUI Canvas/Path and runtime-generated SceneKit board/rule texture; generic shop board/edge/grid/given stand-ins are folded into this canonical package row.,procedural-grid:bd_laser,"Complete Meshy 9x9 board package bd_laser, shared by shop/gameplay through approved derivatives.",true,true,emissive pulse,Static non-emissive-readable package; no pulse.,CONTRACT-001|MOCKUP-BOOKSTORE-001|MOCKUP-BOOKSTORE-002,,,,,,,,,,,,0,,,,,,,,,,App/Views/MainMenu/BookstoreSceneCoordinator.swift:1971-2031,App/Views/CosmeticSkinRendering.swift:253-332,,,BASE-GAMEPLAY-COMPACT|BASE-GAMEPLAY-STANDARD|BASE-GAMEPLAY-LARGEST,64B23C26-CCB9-4CD2-9B5D-534F05D6DA6C,39E91EFD-4561-4950-A4E0-8B1ACB8E1C66,BLOCKED,"No complete Meshy grid package, provenance, registry mapping, tests, or approved shop/gameplay contact sheets exist; intrinsic glow remains part of this row."
paper.pp_newsprint.shop,paper,pp_newsprint,shop,pp_newsprint,Club Shop paper merchandise,App/Views/MainMenu/BookstoreSceneCoordinator.swift:1909-1950,shop selected|shop neighbor|locked|owned|equipped,Procedural stack/texture merchandise; generic paper display leaves are folded into this per-style shop row.,procedural-paper:pp_newsprint.shop,Meshy physical shop merchandise for pp_newsprint.,true,false,,Static material; no motion-dependent identity.,CONTRACT-001|MOCKUP-BOOKSTORE-001|MOCKUP-BOOKSTORE-002,,,,,,,,,,,,0,,,,,,,,,,"App/Views/MainMenu/BookstoreSceneCoordinator.swift:1909-1950",,,,BASE-CLUBSHOP-COMPACT|BASE-CLUBSHOP-STANDARD|BASE-CLUBSHOP-LARGEST,64B23C26-CCB9-4CD2-9B5D-534F05D6DA6C,39E91EFD-4561-4950-A4E0-8B1ACB8E1C66,BLOCKED,"Required Meshy paper deliverable, provenance, registry mapping, contrast tests, and approved contact sheets do not exist."
paper.pp_newsprint.gameplay,paper,pp_newsprint,gameplay,pp_newsprint,Gameplay book/page surface,App/Views/BookView.swift:234-360; App/Model/CosmeticTheme.swift:307-348,gameplay default|selected cells|error|correct|light/heavy population,"Flat color, Canvas/runtime paper treatment, or undocumented raster treatment.",procedural-paper:pp_newsprint.gameplay,Meshy playable paper/page surface for pp_newsprint.,false,true,,Static material; no motion-dependent identity.,CONTRACT-001|MOCKUP-BOOKSTORE-001|MOCKUP-BOOKSTORE-002,,,,,,,,,,,,0,,,,,,,,,,,App/Views/BookView.swift:234-360,,,BASE-GAMEPLAY-COMPACT|BASE-GAMEPLAY-STANDARD|BASE-GAMEPLAY-LARGEST,64B23C26-CCB9-4CD2-9B5D-534F05D6DA6C,39E91EFD-4561-4950-A4E0-8B1ACB8E1C66,BLOCKED,"Required Meshy paper deliverable, provenance, registry mapping, contrast tests, and approved contact sheets do not exist."
paper.pp_white.shop,paper,pp_white,shop,pp_white,Club Shop paper merchandise,App/Views/MainMenu/BookstoreSceneCoordinator.swift:1909-1950,shop selected|shop neighbor|locked|owned|equipped,Procedural stack/texture merchandise; generic paper display leaves are folded into this per-style shop row.,procedural-paper:pp_white.shop,Meshy physical shop merchandise for pp_white.,true,false,,Static material; no motion-dependent identity.,CONTRACT-001|MOCKUP-BOOKSTORE-001|MOCKUP-BOOKSTORE-002,,,,,,,,,,,,0,,,,,,,,,,"App/Views/MainMenu/BookstoreSceneCoordinator.swift:1909-1950",,,,BASE-CLUBSHOP-COMPACT|BASE-CLUBSHOP-STANDARD|BASE-CLUBSHOP-LARGEST,64B23C26-CCB9-4CD2-9B5D-534F05D6DA6C,39E91EFD-4561-4950-A4E0-8B1ACB8E1C66,BLOCKED,"Required Meshy paper deliverable, provenance, registry mapping, contrast tests, and approved contact sheets do not exist."
paper.pp_white.gameplay,paper,pp_white,gameplay,pp_white,Gameplay book/page surface,App/Views/BookView.swift:234-360; App/Model/CosmeticTheme.swift:307-348,gameplay default|selected cells|error|correct|light/heavy population,"Flat color, Canvas/runtime paper treatment, or undocumented raster treatment.",procedural-paper:pp_white.gameplay,Meshy playable paper/page surface for pp_white.,false,true,,Static material; no motion-dependent identity.,CONTRACT-001|MOCKUP-BOOKSTORE-001|MOCKUP-BOOKSTORE-002,,,,,,,,,,,,0,,,,,,,,,,,App/Views/BookView.swift:234-360,,,BASE-GAMEPLAY-COMPACT|BASE-GAMEPLAY-STANDARD|BASE-GAMEPLAY-LARGEST,64B23C26-CCB9-4CD2-9B5D-534F05D6DA6C,39E91EFD-4561-4950-A4E0-8B1ACB8E1C66,BLOCKED,"Required Meshy paper deliverable, provenance, registry mapping, contrast tests, and approved contact sheets do not exist."
paper.pp_ivory.shop,paper,pp_ivory,shop,pp_ivory,"Club Shop paper merchandise, including the catalog-linked fixed hanging sample","App/Views/MainMenu/BookstoreSceneCoordinator.swift:1557-1580,1909-1950",shop selected|shop neighbor|locked|owned|equipped,Procedural stack/texture merchandise; the fixed catalog-linked hanging paper reuses this per-style lineage.,procedural-paper:pp_ivory.shop,Meshy physical shop merchandise for pp_ivory.,true,false,,Static material; no motion-dependent identity.,CONTRACT-001|MOCKUP-BOOKSTORE-001|MOCKUP-BOOKSTORE-002,,,,,,,,,,,,0,,,,,,,,,,"App/Views/MainMenu/BookstoreSceneCoordinator.swift:1557-1580,1909-1950",,,,BASE-CLUBSHOP-COMPACT|BASE-CLUBSHOP-STANDARD|BASE-CLUBSHOP-LARGEST,64B23C26-CCB9-4CD2-9B5D-534F05D6DA6C,39E91EFD-4561-4950-A4E0-8B1ACB8E1C66,BLOCKED,"Required Meshy paper deliverable, provenance, registry mapping, contrast tests, and approved contact sheets do not exist."
paper.pp_ivory.gameplay,paper,pp_ivory,gameplay,pp_ivory,Gameplay book/page surface,App/Views/BookView.swift:234-360; App/Model/CosmeticTheme.swift:307-348,gameplay default|selected cells|error|correct|light/heavy population,"Flat color, Canvas/runtime paper treatment, or undocumented raster treatment.",procedural-paper:pp_ivory.gameplay,Meshy playable paper/page surface for pp_ivory.,false,true,,Static material; no motion-dependent identity.,CONTRACT-001|MOCKUP-BOOKSTORE-001|MOCKUP-BOOKSTORE-002,,,,,,,,,,,,0,,,,,,,,,,,App/Views/BookView.swift:234-360,,,BASE-GAMEPLAY-COMPACT|BASE-GAMEPLAY-STANDARD|BASE-GAMEPLAY-LARGEST,64B23C26-CCB9-4CD2-9B5D-534F05D6DA6C,39E91EFD-4561-4950-A4E0-8B1ACB8E1C66,BLOCKED,"Required Meshy paper deliverable, provenance, registry mapping, contrast tests, and approved contact sheets do not exist."
paper.pp_manila.shop,paper,pp_manila,shop,pp_manila,"Club Shop paper merchandise, including the catalog-linked fixed hanging sample","App/Views/MainMenu/BookstoreSceneCoordinator.swift:1557-1580,1909-1950",shop selected|shop neighbor|locked|owned|equipped,Procedural stack/texture merchandise; the fixed catalog-linked hanging paper reuses this per-style lineage.,procedural-paper:pp_manila.shop,Meshy physical shop merchandise for pp_manila.,true,false,,Static material; no motion-dependent identity.,CONTRACT-001|MOCKUP-BOOKSTORE-001|MOCKUP-BOOKSTORE-002,,,,,,,,,,,,0,,,,,,,,,,"App/Views/MainMenu/BookstoreSceneCoordinator.swift:1557-1580,1909-1950",,,,BASE-CLUBSHOP-COMPACT|BASE-CLUBSHOP-STANDARD|BASE-CLUBSHOP-LARGEST,64B23C26-CCB9-4CD2-9B5D-534F05D6DA6C,39E91EFD-4561-4950-A4E0-8B1ACB8E1C66,BLOCKED,"Required Meshy paper deliverable, provenance, registry mapping, contrast tests, and approved contact sheets do not exist."
paper.pp_manila.gameplay,paper,pp_manila,gameplay,pp_manila,Gameplay book/page surface,App/Views/BookView.swift:234-360; App/Model/CosmeticTheme.swift:307-348,gameplay default|selected cells|error|correct|light/heavy population,"Flat color, Canvas/runtime paper treatment, or undocumented raster treatment.",procedural-paper:pp_manila.gameplay,Meshy playable paper/page surface for pp_manila.,false,true,,Static material; no motion-dependent identity.,CONTRACT-001|MOCKUP-BOOKSTORE-001|MOCKUP-BOOKSTORE-002,,,,,,,,,,,,0,,,,,,,,,,,App/Views/BookView.swift:234-360,,,BASE-GAMEPLAY-COMPACT|BASE-GAMEPLAY-STANDARD|BASE-GAMEPLAY-LARGEST,64B23C26-CCB9-4CD2-9B5D-534F05D6DA6C,39E91EFD-4561-4950-A4E0-8B1ACB8E1C66,BLOCKED,"Required Meshy paper deliverable, provenance, registry mapping, contrast tests, and approved contact sheets do not exist."
paper.pp_ledger.shop,paper,pp_ledger,shop,pp_ledger,"Club Shop paper merchandise, including the catalog-linked fixed hanging sample","App/Views/MainMenu/BookstoreSceneCoordinator.swift:1557-1580,1909-1950",shop selected|shop neighbor|locked|owned|equipped,Procedural stack/texture merchandise; the fixed catalog-linked hanging paper reuses this per-style lineage.,procedural-paper:pp_ledger.shop,Meshy physical shop merchandise for pp_ledger.,true,false,,Static material; no motion-dependent identity.,CONTRACT-001|MOCKUP-BOOKSTORE-001|MOCKUP-BOOKSTORE-002,,,,,,,,,,,,0,,,,,,,,,,"App/Views/MainMenu/BookstoreSceneCoordinator.swift:1557-1580,1909-1950",,,,BASE-CLUBSHOP-COMPACT|BASE-CLUBSHOP-STANDARD|BASE-CLUBSHOP-LARGEST,64B23C26-CCB9-4CD2-9B5D-534F05D6DA6C,39E91EFD-4561-4950-A4E0-8B1ACB8E1C66,BLOCKED,"Required Meshy paper deliverable, provenance, registry mapping, contrast tests, and approved contact sheets do not exist."
paper.pp_ledger.gameplay,paper,pp_ledger,gameplay,pp_ledger,Gameplay book/page surface,App/Views/BookView.swift:234-360; App/Model/CosmeticTheme.swift:307-348,gameplay default|selected cells|error|correct|light/heavy population,"Flat color, Canvas/runtime paper treatment, or undocumented raster treatment.",procedural-paper:pp_ledger.gameplay,Meshy playable paper/page surface for pp_ledger.,false,true,,Static material; no motion-dependent identity.,CONTRACT-001|MOCKUP-BOOKSTORE-001|MOCKUP-BOOKSTORE-002,,,,,,,,,,,,0,,,,,,,,,,,App/Views/BookView.swift:234-360,,,BASE-GAMEPLAY-COMPACT|BASE-GAMEPLAY-STANDARD|BASE-GAMEPLAY-LARGEST,64B23C26-CCB9-4CD2-9B5D-534F05D6DA6C,39E91EFD-4561-4950-A4E0-8B1ACB8E1C66,BLOCKED,"Required Meshy paper deliverable, provenance, registry mapping, contrast tests, and approved contact sheets do not exist."
paper.pp_graph.shop,paper,pp_graph,shop,pp_graph,Club Shop paper merchandise,App/Views/MainMenu/BookstoreSceneCoordinator.swift:1909-1950,shop selected|shop neighbor|locked|owned|equipped,Procedural stack/texture merchandise; generic paper display leaves are folded into this per-style shop row.,procedural-paper:pp_graph.shop,Meshy physical shop merchandise for pp_graph.,true,false,,Static material; no motion-dependent identity.,CONTRACT-001|MOCKUP-BOOKSTORE-001|MOCKUP-BOOKSTORE-002,,,,,,,,,,,,0,,,,,,,,,,"App/Views/MainMenu/BookstoreSceneCoordinator.swift:1909-1950",,,,BASE-CLUBSHOP-COMPACT|BASE-CLUBSHOP-STANDARD|BASE-CLUBSHOP-LARGEST,64B23C26-CCB9-4CD2-9B5D-534F05D6DA6C,39E91EFD-4561-4950-A4E0-8B1ACB8E1C66,BLOCKED,"Required Meshy paper deliverable, provenance, registry mapping, contrast tests, and approved contact sheets do not exist."
paper.pp_graph.gameplay,paper,pp_graph,gameplay,pp_graph,Gameplay book/page surface,App/Views/BookView.swift:234-360; App/Model/CosmeticTheme.swift:307-348,gameplay default|selected cells|error|correct|light/heavy population,"Flat color, Canvas/runtime paper treatment, or undocumented raster treatment.",procedural-paper:pp_graph.gameplay,Meshy playable paper/page surface for pp_graph.,false,true,,Static material; no motion-dependent identity.,CONTRACT-001|MOCKUP-BOOKSTORE-001|MOCKUP-BOOKSTORE-002,,,,,,,,,,,,0,,,,,,,,,,,App/Views/BookView.swift:234-360,,,BASE-GAMEPLAY-COMPACT|BASE-GAMEPLAY-STANDARD|BASE-GAMEPLAY-LARGEST,64B23C26-CCB9-4CD2-9B5D-534F05D6DA6C,39E91EFD-4561-4950-A4E0-8B1ACB8E1C66,BLOCKED,"Required Meshy paper deliverable, provenance, registry mapping, contrast tests, and approved contact sheets do not exist."
paper.pp_onion.shop,paper,pp_onion,shop,pp_onion,Club Shop paper merchandise,App/Views/MainMenu/BookstoreSceneCoordinator.swift:1909-1950,shop selected|shop neighbor|locked|owned|equipped,Procedural stack/texture merchandise; generic paper display leaves are folded into this per-style shop row.,procedural-paper:pp_onion.shop,Meshy physical shop merchandise for pp_onion.,true,false,,Static material; no motion-dependent identity.,CONTRACT-001|MOCKUP-BOOKSTORE-001|MOCKUP-BOOKSTORE-002,,,,,,,,,,,,0,,,,,,,,,,"App/Views/MainMenu/BookstoreSceneCoordinator.swift:1909-1950",,,,BASE-CLUBSHOP-COMPACT|BASE-CLUBSHOP-STANDARD|BASE-CLUBSHOP-LARGEST,64B23C26-CCB9-4CD2-9B5D-534F05D6DA6C,39E91EFD-4561-4950-A4E0-8B1ACB8E1C66,BLOCKED,"Required Meshy paper deliverable, provenance, registry mapping, contrast tests, and approved contact sheets do not exist."
paper.pp_onion.gameplay,paper,pp_onion,gameplay,pp_onion,Gameplay book/page surface,App/Views/BookView.swift:234-360; App/Model/CosmeticTheme.swift:307-348,gameplay default|selected cells|error|correct|light/heavy population,"Flat color, Canvas/runtime paper treatment, or undocumented raster treatment.",procedural-paper:pp_onion.gameplay,Meshy playable paper/page surface for pp_onion.,false,true,,Static material; no motion-dependent identity.,CONTRACT-001|MOCKUP-BOOKSTORE-001|MOCKUP-BOOKSTORE-002,,,,,,,,,,,,0,,,,,,,,,,,App/Views/BookView.swift:234-360,,,BASE-GAMEPLAY-COMPACT|BASE-GAMEPLAY-STANDARD|BASE-GAMEPLAY-LARGEST,64B23C26-CCB9-4CD2-9B5D-534F05D6DA6C,39E91EFD-4561-4950-A4E0-8B1ACB8E1C66,BLOCKED,"Required Meshy paper deliverable, provenance, registry mapping, contrast tests, and approved contact sheets do not exist."
paper.pp_carbon.shop,paper,pp_carbon,shop,pp_carbon,Club Shop paper merchandise,App/Views/MainMenu/BookstoreSceneCoordinator.swift:1909-1950,shop selected|shop neighbor|locked|owned|equipped,Procedural stack/texture merchandise; generic paper display leaves are folded into this per-style shop row.,procedural-paper:pp_carbon.shop,Meshy physical shop merchandise for pp_carbon.,true,false,,Static material; no motion-dependent identity.,CONTRACT-001|MOCKUP-BOOKSTORE-001|MOCKUP-BOOKSTORE-002,,,,,,,,,,,,0,,,,,,,,,,"App/Views/MainMenu/BookstoreSceneCoordinator.swift:1909-1950",,,,BASE-CLUBSHOP-COMPACT|BASE-CLUBSHOP-STANDARD|BASE-CLUBSHOP-LARGEST,64B23C26-CCB9-4CD2-9B5D-534F05D6DA6C,39E91EFD-4561-4950-A4E0-8B1ACB8E1C66,BLOCKED,"Required Meshy paper deliverable, provenance, registry mapping, contrast tests, and approved contact sheets do not exist."
paper.pp_carbon.gameplay,paper,pp_carbon,gameplay,pp_carbon,Gameplay book/page surface,App/Views/BookView.swift:234-360; App/Model/CosmeticTheme.swift:307-348,gameplay default|selected cells|error|correct|light/heavy population,"Flat color, Canvas/runtime paper treatment, or undocumented raster treatment.",procedural-paper:pp_carbon.gameplay,Meshy playable paper/page surface for pp_carbon.,false,true,,Static material; no motion-dependent identity.,CONTRACT-001|MOCKUP-BOOKSTORE-001|MOCKUP-BOOKSTORE-002,,,,,,,,,,,,0,,,,,,,,,,,App/Views/BookView.swift:234-360,,,BASE-GAMEPLAY-COMPACT|BASE-GAMEPLAY-STANDARD|BASE-GAMEPLAY-LARGEST,64B23C26-CCB9-4CD2-9B5D-534F05D6DA6C,39E91EFD-4561-4950-A4E0-8B1ACB8E1C66,BLOCKED,"Required Meshy paper deliverable, provenance, registry mapping, contrast tests, and approved contact sheets do not exist."
paper.pp_telegram.shop,paper,pp_telegram,shop,pp_telegram,Club Shop paper merchandise,App/Views/MainMenu/BookstoreSceneCoordinator.swift:1909-1950,shop selected|shop neighbor|locked|owned|equipped,Procedural stack/texture merchandise; generic paper display leaves are folded into this per-style shop row.,procedural-paper:pp_telegram.shop,Meshy physical shop merchandise for pp_telegram.,true,false,,Static material; no motion-dependent identity.,CONTRACT-001|MOCKUP-BOOKSTORE-001|MOCKUP-BOOKSTORE-002,,,,,,,,,,,,0,,,,,,,,,,"App/Views/MainMenu/BookstoreSceneCoordinator.swift:1909-1950",,,,BASE-CLUBSHOP-COMPACT|BASE-CLUBSHOP-STANDARD|BASE-CLUBSHOP-LARGEST,64B23C26-CCB9-4CD2-9B5D-534F05D6DA6C,39E91EFD-4561-4950-A4E0-8B1ACB8E1C66,BLOCKED,"Required Meshy paper deliverable, provenance, registry mapping, contrast tests, and approved contact sheets do not exist."
paper.pp_telegram.gameplay,paper,pp_telegram,gameplay,pp_telegram,Gameplay book/page surface,App/Views/BookView.swift:234-360; App/Model/CosmeticTheme.swift:307-348,gameplay default|selected cells|error|correct|light/heavy population,"Flat color, Canvas/runtime paper treatment, or undocumented raster treatment.",procedural-paper:pp_telegram.gameplay,Meshy playable paper/page surface for pp_telegram.,false,true,,Static material; no motion-dependent identity.,CONTRACT-001|MOCKUP-BOOKSTORE-001|MOCKUP-BOOKSTORE-002,,,,,,,,,,,,0,,,,,,,,,,,App/Views/BookView.swift:234-360,,,BASE-GAMEPLAY-COMPACT|BASE-GAMEPLAY-STANDARD|BASE-GAMEPLAY-LARGEST,64B23C26-CCB9-4CD2-9B5D-534F05D6DA6C,39E91EFD-4561-4950-A4E0-8B1ACB8E1C66,BLOCKED,"Required Meshy paper deliverable, provenance, registry mapping, contrast tests, and approved contact sheets do not exist."
paper.pp_garden.shop,paper,pp_garden,shop,pp_garden,Club Shop paper merchandise,App/Views/MainMenu/BookstoreSceneCoordinator.swift:1909-1950,shop selected|shop neighbor|locked|owned|equipped,Procedural stack/texture merchandise; generic paper display leaves are folded into this per-style shop row.,procedural-paper:pp_garden.shop,Meshy physical shop merchandise for pp_garden.,true,false,,Static material; no motion-dependent identity.,CONTRACT-001|MOCKUP-BOOKSTORE-001|MOCKUP-BOOKSTORE-002,,,,,,,,,,,,0,,,,,,,,,,"App/Views/MainMenu/BookstoreSceneCoordinator.swift:1909-1950",,,,BASE-CLUBSHOP-COMPACT|BASE-CLUBSHOP-STANDARD|BASE-CLUBSHOP-LARGEST,64B23C26-CCB9-4CD2-9B5D-534F05D6DA6C,39E91EFD-4561-4950-A4E0-8B1ACB8E1C66,BLOCKED,"Required Meshy paper deliverable, provenance, registry mapping, contrast tests, and approved contact sheets do not exist."
paper.pp_garden.gameplay,paper,pp_garden,gameplay,pp_garden,Gameplay book/page surface,App/Views/BookView.swift:234-360; App/Model/CosmeticTheme.swift:307-348,gameplay default|selected cells|error|correct|light/heavy population,"Flat color, Canvas/runtime paper treatment, or undocumented raster treatment.",procedural-paper:pp_garden.gameplay,Meshy playable paper/page surface for pp_garden.,false,true,,Static material; no motion-dependent identity.,CONTRACT-001|MOCKUP-BOOKSTORE-001|MOCKUP-BOOKSTORE-002,,,,,,,,,,,,0,,,,,,,,,,,App/Views/BookView.swift:234-360,,,BASE-GAMEPLAY-COMPACT|BASE-GAMEPLAY-STANDARD|BASE-GAMEPLAY-LARGEST,64B23C26-CCB9-4CD2-9B5D-534F05D6DA6C,39E91EFD-4561-4950-A4E0-8B1ACB8E1C66,BLOCKED,"Required Meshy paper deliverable, provenance, registry mapping, contrast tests, and approved contact sheets do not exist."
paper.pp_night_sky.shop,paper,pp_night_sky,shop,pp_night_sky,Club Shop paper merchandise,App/Views/MainMenu/BookstoreSceneCoordinator.swift:1909-1950,shop selected|shop neighbor|locked|owned|equipped,Procedural stack/texture merchandise; generic paper display leaves are folded into this per-style shop row.,procedural-paper:pp_night_sky.shop,Meshy physical shop merchandise for pp_night_sky.,true,false,,Static material; no motion-dependent identity.,CONTRACT-001|MOCKUP-BOOKSTORE-001|MOCKUP-BOOKSTORE-002,,,,,,,,,,,,0,,,,,,,,,,"App/Views/MainMenu/BookstoreSceneCoordinator.swift:1909-1950",,,,BASE-CLUBSHOP-COMPACT|BASE-CLUBSHOP-STANDARD|BASE-CLUBSHOP-LARGEST,64B23C26-CCB9-4CD2-9B5D-534F05D6DA6C,39E91EFD-4561-4950-A4E0-8B1ACB8E1C66,BLOCKED,"Required Meshy paper deliverable, provenance, registry mapping, contrast tests, and approved contact sheets do not exist."
paper.pp_night_sky.gameplay,paper,pp_night_sky,gameplay,pp_night_sky,Gameplay book/page surface,App/Views/BookView.swift:234-360; App/Model/CosmeticTheme.swift:307-348,gameplay default|selected cells|error|correct|light/heavy population,"Flat color, Canvas/runtime paper treatment, or undocumented raster treatment.",procedural-paper:pp_night_sky.gameplay,Meshy playable paper/page surface for pp_night_sky.,false,true,,Static material; no motion-dependent identity.,CONTRACT-001|MOCKUP-BOOKSTORE-001|MOCKUP-BOOKSTORE-002,,,,,,,,,,,,0,,,,,,,,,,,App/Views/BookView.swift:234-360,,,BASE-GAMEPLAY-COMPACT|BASE-GAMEPLAY-STANDARD|BASE-GAMEPLAY-LARGEST,64B23C26-CCB9-4CD2-9B5D-534F05D6DA6C,39E91EFD-4561-4950-A4E0-8B1ACB8E1C66,BLOCKED,"Required Meshy paper deliverable, provenance, registry mapping, contrast tests, and approved contact sheets do not exist."
paper.pp_ocean.shop,paper,pp_ocean,shop,pp_ocean,Club Shop paper merchandise,App/Views/MainMenu/BookstoreSceneCoordinator.swift:1909-1950,shop selected|shop neighbor|locked|owned|equipped,Procedural stack/texture merchandise; generic paper display leaves are folded into this per-style shop row.,procedural-paper:pp_ocean.shop,Meshy physical shop merchandise for pp_ocean.,true,false,,Static material; no motion-dependent identity.,CONTRACT-001|MOCKUP-BOOKSTORE-001|MOCKUP-BOOKSTORE-002,,,,,,,,,,,,0,,,,,,,,,,"App/Views/MainMenu/BookstoreSceneCoordinator.swift:1909-1950",,,,BASE-CLUBSHOP-COMPACT|BASE-CLUBSHOP-STANDARD|BASE-CLUBSHOP-LARGEST,64B23C26-CCB9-4CD2-9B5D-534F05D6DA6C,39E91EFD-4561-4950-A4E0-8B1ACB8E1C66,BLOCKED,"Required Meshy paper deliverable, provenance, registry mapping, contrast tests, and approved contact sheets do not exist."
paper.pp_ocean.gameplay,paper,pp_ocean,gameplay,pp_ocean,Gameplay book/page surface,App/Views/BookView.swift:234-360; App/Model/CosmeticTheme.swift:307-348,gameplay default|selected cells|error|correct|light/heavy population,"Flat color, Canvas/runtime paper treatment, or undocumented raster treatment.",procedural-paper:pp_ocean.gameplay,Meshy playable paper/page surface for pp_ocean.,false,true,,Static material; no motion-dependent identity.,CONTRACT-001|MOCKUP-BOOKSTORE-001|MOCKUP-BOOKSTORE-002,,,,,,,,,,,,0,,,,,,,,,,,App/Views/BookView.swift:234-360,,,BASE-GAMEPLAY-COMPACT|BASE-GAMEPLAY-STANDARD|BASE-GAMEPLAY-LARGEST,64B23C26-CCB9-4CD2-9B5D-534F05D6DA6C,39E91EFD-4561-4950-A4E0-8B1ACB8E1C66,BLOCKED,"Required Meshy paper deliverable, provenance, registry mapping, contrast tests, and approved contact sheets do not exist."
paper.pp_utility_roll.shop,paper,pp_utility_roll,shop,pp_utility_roll,Club Shop paper merchandise,App/Views/MainMenu/BookstoreSceneCoordinator.swift:1951-1967,shop selected|shop neighbor|locked|owned|equipped,Procedural roll/tail texture merchandise; generic roll display leaves are folded into this per-style shop row.,procedural-paper:pp_utility_roll.shop,Meshy physical shop merchandise for pp_utility_roll.,true,false,,Static material; no motion-dependent identity.,CONTRACT-001|MOCKUP-BOOKSTORE-001|MOCKUP-BOOKSTORE-002,,,,,,,,,,,,0,,,,,,,,,,"App/Views/MainMenu/BookstoreSceneCoordinator.swift:1951-1967",,,,BASE-CLUBSHOP-COMPACT|BASE-CLUBSHOP-STANDARD|BASE-CLUBSHOP-LARGEST,64B23C26-CCB9-4CD2-9B5D-534F05D6DA6C,39E91EFD-4561-4950-A4E0-8B1ACB8E1C66,BLOCKED,"Required Meshy paper deliverable, provenance, registry mapping, contrast tests, and approved contact sheets do not exist."
paper.pp_utility_roll.gameplay,paper,pp_utility_roll,gameplay,pp_utility_roll,Gameplay book/page surface,App/Views/BookView.swift:234-360; App/Model/CosmeticTheme.swift:307-348,gameplay default|selected cells|error|correct|light/heavy population,"Flat color, Canvas/runtime paper treatment, or undocumented raster treatment.",procedural-paper:pp_utility_roll.gameplay,Meshy playable paper/page surface for pp_utility_roll.,false,true,,Static material; no motion-dependent identity.,CONTRACT-001|MOCKUP-BOOKSTORE-001|MOCKUP-BOOKSTORE-002,,,,,,,,,,,,0,,,,,,,,,,,App/Views/BookView.swift:234-360,,,BASE-GAMEPLAY-COMPACT|BASE-GAMEPLAY-STANDARD|BASE-GAMEPLAY-LARGEST,64B23C26-CCB9-4CD2-9B5D-534F05D6DA6C,39E91EFD-4561-4950-A4E0-8B1ACB8E1C66,BLOCKED,"Required Meshy paper deliverable, provenance, registry mapping, contrast tests, and approved contact sheets do not exist."
effect.nb_flame.crown,effects,nb_flame,crown,nb_flame,Club Shop flaming-number inspection and gameplay flaming-number states,App/Views/CosmeticSkinRendering.swift:216-247; App/Views/MainMenu/BookstoreSceneCoordinator.swift:2043-2091,shop selected|gameplay clue|gameplay entry|pencil mark|bloom on/off,SF Symbol/runtime-generated flame texture/plane stand-in.,procedural-effect:effect.nb_flame.crown,Meshy-origin flame crown component kept behind/outside readable numeral.,true,true,flame motion|opacity/emissive intensity,Static/paused registered component; digit core remains readable.,CONTRACT-001|MOCKUP-BOOKSTORE-001|MOCKUP-BOOKSTORE-002,,,,,,,,,,,,0,,,,,,,,,,App/Views/MainMenu/BookstoreSceneCoordinator.swift:2043-2112,App/Views/CosmeticSkinRendering.swift:216-247,,,,64B23C26-CCB9-4CD2-9B5D-534F05D6DA6C,39E91EFD-4561-4950-A4E0-8B1ACB8E1C66,BLOCKED,Current flame component is procedural/SF-Symbol art with no Meshy provenance or approval.
effect.nb_flame.embers,effects,nb_flame,embers,nb_flame,Club Shop flaming-number inspection and gameplay flaming-number states,App/Views/MainMenu/BookstoreSceneCoordinator.swift:2094-2112; gameplay implementation missing,shop selected|gameplay clue|gameplay entry|pencil mark|bloom on/off,Procedural SceneKit particle emitter in shop; no gameplay ember component.,procedural-effect:effect.nb_flame.embers,Meshy-origin secondary ember component shared by shop and gameplay.,true,true,flame motion|opacity/emissive intensity,Static/paused registered component; digit core remains readable.,CONTRACT-001|MOCKUP-BOOKSTORE-001|MOCKUP-BOOKSTORE-002,,,,,,,,,,,,0,,,,,,,,,,App/Views/MainMenu/BookstoreSceneCoordinator.swift:2043-2112,,,,,64B23C26-CCB9-4CD2-9B5D-534F05D6DA6C,39E91EFD-4561-4950-A4E0-8B1ACB8E1C66,BLOCKED,Required gameplay ember path is absent; no Meshy provenance/asset/registry/tests exist.
shop.display.neighborCard.backing,shop_display_dead_code,neighbor_card,,shop.display.dead_code,Club Shop (currently unreachable dead code),App/Views/MainMenu/BookstoreSceneCoordinator.swift:1785-1813,unreachable,"Dead procedural SceneKit path; DEAD CODE: addShopNeighborCards() defined but never called anywhere in the file (grep-confirmed, only its own def+2 internal refs exist); would create 2 if called (side in[-1,1]).",dead-code:shop.display.neighborCard.backing,Remove the dead production path or deliberately specify/register a Meshy-origin replacement before making it reachable.,false,false,,Not reachable.,CONTRACT-001,,,,,,,,,,,,0,,,,,,,,,,App/Views/MainMenu/BookstoreSceneCoordinator.swift,,,,,349D394D-892D-4902-BCE0-C2D340A506FD,39E91EFD-4561-4950-A4E0-8B1ACB8E1C66,BLOCKED,Dead procedural art path must be removed or explicitly brought under the Meshy registry; it is tracked outside visible approval count.
shop.display.neighborCard.face,shop_display_dead_code,neighbor_card,,shop.display.dead_code,Club Shop (currently unreachable dead code),App/Views/MainMenu/BookstoreSceneCoordinator.swift:1785-1813,unreachable,Dead procedural SceneKit path; DEAD CODE: same call site as backing; would create 2 if called.,dead-code:shop.display.neighborCard.face,Remove the dead production path or deliberately specify/register a Meshy-origin replacement before making it reachable.,false,false,,Not reachable.,CONTRACT-001,,,,,,,,,,,,0,,,,,,,,,,App/Views/MainMenu/BookstoreSceneCoordinator.swift,,,,,349D394D-892D-4902-BCE0-C2D340A506FD,39E91EFD-4561-4950-A4E0-8B1ACB8E1C66,BLOCKED,Dead procedural art path must be removed or explicitly brought under the Meshy registry; it is tracked outside visible approval count.
